station_name,datetime,pm_10_conc,pm_10_AQI,pm_10_cat,pm_25_conc,pm_25_AQI,pm_25_AQI_cat
Jacobs,2022-12-24T00:00,39.0,36.0,1.0,,,
Fort Bragg High School,2022-12-24T00:00,15.0,14.0,1.0,,,
Willows-Colusa,2022-12-24T00:00,10.0,9.0,1.0,12.5,52.0,2.0
Colusa - Sunrise Blvd.,2022-12-24T00:00,11.0,10.0,1.0,13.8,55.0,2.0
Chico -  East,2022-12-24T00:00,16.0,15.0,1.0,10.9,45.0,1.0
Yuba City,2022-12-24T00:00,22.0,20.0,1.0,19.5,67.0,2.0
San Juan Bautista AMS,2022-12-24T00:00,15.0,14.0,1.0,,,
Downtown Sacramento - T Street,2022-12-24T00:00,33.0,31.0,1.0,31.6,92.0,2.0
TracyAP,2022-12-24T00:00,37.0,34.0,1.0,35.5,101.0,3.0
Hollister AMS,2022-12-24T00:00,16.0,15.0,1.0,9.2,38.0,1.0
Roseville - N.Sunrise/Douglas,2022-12-24T00:00,33.0,31.0,1.0,26.9,82.0,2.0
Manteca,2022-12-24T00:00,36.0,33.0,1.0,30.3,89.0,2.0
King City AMS,2022-12-24T00:00,9.0,8.0,1.0,2.6,11.0,1.0
Modesto - 14th Street,2022-12-24T00:00,39.0,36.0,1.0,30.6,90.0,2.0
Turlock - S. Minaret Street,2022-12-24T00:00,40.0,37.0,1.0,32.2,93.0,2.0
San Andreas,2022-12-24T00:00,16.0,15.0,1.0,14.0,55.0,2.0
Atascadero2,2022-12-24T00:00,8.0,7.0,1.0,2.5,10.0,1.0
Paso Robles - Santa Fe Ave,2022-12-24T00:00,5.0,5.0,1.0,,,
SLO Roberto,2022-12-24T00:00,14.0,13.0,1.0,6.5,27.0,1.0
Nipomo Mesa CDF,2022-12-24T00:00,18.0,17.0,1.0,4.9,20.0,1.0
Mesa 2 /Nipomo,2022-12-24T00:00,22.0,20.0,1.0,4.0,17.0,1.0
Nipomo RP,2022-12-24T00:00,15.0,14.0,1.0,,,
Merced-M St,2022-12-24T00:00,42.0,39.0,1.0,35.1,99.0,2.0
Lompoc H Street,2022-12-24T00:00,9.0,8.0,1.0,4.6,19.0,1.0
Santa Maria,2022-12-24T00:00,7.0,6.0,1.0,5.3,22.0,1.0
Las Flores Canyon,2022-12-24T00:00,8.0,7.0,1.0,,,
Madera-City,2022-12-24T00:00,32.0,30.0,1.0,28.8,86.0,2.0
South Lake Tahoe - Sandy Way,2022-12-24T00:00,12.0,11.0,1.0,,,
Goleta,2022-12-24T00:00,16.0,15.0,1.0,4.3,18.0,1.0
Reno4,2022-12-24T00:00,28.0,26.0,1.0,9.2,38.0,1.0
Fresno - Garland,2022-12-24T00:00,49.0,45.0,1.0,35.8,102.0,3.0
Santa Rosa Rancheria,2022-12-24T00:00,28.0,26.0,1.0,,,
Sparks,2022-12-24T00:00,20.0,19.0,1.0,7.5,31.0,1.0
Fresno - Drummond Street,2022-12-24T00:00,55.0,51.0,2.0,,,
Toll,2022-12-24T00:00,34.0,31.0,1.0,6.5,27.0,1.0
Clovis - N. Villa Ave,2022-12-24T00:00,49.0,45.0,1.0,36.7,104.0,3.0
Santa Barbara,2022-12-24T00:00,21.0,19.0,1.0,8.1,34.0,1.0
Hanford - S. Irwin Street,2022-12-24T00:00,32.0,30.0,1.0,32.3,93.0,2.0
Wadsworth-NV,2022-12-24T00:00,12.0,11.0,1.0,,,
El Rio - Rio Mesa School #2,2022-12-24T00:00,18.0,17.0,1.0,3.7,15.0,1.0
Lee Vining,2022-12-24T00:00,9.0,8.0,1.0,5.2,22.0,1.0
Oildale - 3311 Manor Street,2022-12-24T00:00,32.0,30.0,1.0,,,
Bakersfield - Golden State Highway,2022-12-24T00:00,48.0,44.0,1.0,35.5,101.0,3.0
Mammoth Lakes,2022-12-24T00:00,24.0,22.0,1.0,,,
Simi Valley - Cochran Street,2022-12-24T00:00,11.0,10.0,1.0,0.5,2.0,1.0
Bishop Paiute Tribe-CA,2022-12-24T00:00,10.0,9.0,1.0,3.4,14.0,1.0
NCORE - Bishop,2022-12-24T00:00,8.0,7.0,1.0,2.4,10.0,1.0
Los Angeles - N. Main Street,2022-12-24T00:00,61.0,54.0,2.0,35.3,100.0,2.0
Long Beach Signal Hill,2022-12-24T00:00,51.0,47.0,1.0,20.7,69.0,2.0
Mojave - CA 58 Business,2022-12-24T00:00,4.0,4.0,1.0,2.2,9.0,1.0
Lone Pine,2022-12-24T00:00,10.0,9.0,1.0,,,
Olancha,2022-12-24T00:00,5.0,5.0,1.0,,,
Bill Stanley,2022-12-24T00:00,7.0,6.0,1.0,,,
North Beach,2022-12-24T00:00,6.0,6.0,1.0,,,
Dirty Socks,2022-12-24T00:00,5.0,5.0,1.0,,,
Coso Junction,2022-12-24T00:00,6.0,6.0,1.0,,,
Lizard Tail,2022-12-24T00:00,6.0,6.0,1.0,,,
Anaheim,2022-12-24T00:00,38.0,35.0,1.0,18.8,65.0,2.0
Shell Cut,2022-12-24T00:00,6.0,6.0,1.0,,,
Keeler,2022-12-24T00:00,6.0,6.0,1.0,4.4,18.0,1.0
Mill Site,2022-12-24T00:00,4.0,4.0,1.0,,,
Glendora - Laurel,2022-12-24T00:00,43.0,40.0,1.0,16.6,60.0,2.0
Upland,2022-12-24T00:00,35.0,32.0,1.0,20.0,68.0,2.0
Mira Loma - Van Buren,2022-12-24T00:00,48.0,44.0,1.0,20.1,68.0,2.0
Riverside - Rubidoux,2022-12-24T00:00,40.0,37.0,1.0,12.8,52.0,2.0
Trona - Athol and Telegraph,2022-12-24T00:00,21.0,19.0,1.0,,,
Lake Elsinore - W. Flint Street,2022-12-24T00:00,12.0,11.0,1.0,7.0,29.0,1.0
Victorville - Park Avenue,2022-12-24T00:00,9.0,8.0,1.0,3.1,13.0,1.0
Hesperia - Olive Street,2022-12-24T00:00,13.0,12.0,1.0,,,
Barstow,2022-12-24T00:00,11.0,10.0,1.0,,,
Lucerne Valley,2022-12-24T00:00,8.0,7.0,1.0,,,
Nampa Fire Station,2022-12-24T00:00,9.0,8.0,1.0,2.1,9.0,1.0
Palm Springs - Fire Station,2022-12-24T00:00,17.0,16.0,1.0,,,
Garden City,2022-12-24T00:00,6.0,6.0,1.0,5.5,23.0,1.0
Indio-29 Palms,2022-12-24T00:00,36.0,33.0,1.0,9.4,39.0,1.0
Saul Martinez,2022-12-24T00:00,27.0,25.0,1.0,,,
Salton Sea Beach,2022-12-24T00:00,26.0,24.0,1.0,13.0,53.0,2.0
Glen Oaks,2022-12-24T00:00,6.0,6.0,1.0,,,
Church,2022-12-24T00:00,4.0,4.0,1.0,,,
Manse,2022-12-24T00:00,5.0,5.0,1.0,,,
Elko,2022-12-24T00:00,10.0,9.0,1.0,,,
Westmorland - 570 Cook St,2022-12-24T00:00,24.0,22.0,1.0,,,
El Centro - 9th Street,2022-12-24T00:00,22.0,20.0,1.0,4.4,18.0,1.0
Niland - English Road,2022-12-24T00:00,14.0,13.0,1.0,,,
Brawley - 220 Main Street,2022-12-24T00:00,22.0,20.0,1.0,4.4,18.0,1.0
Calexico - Ethel Street,2022-12-24T00:00,38.0,35.0,1.0,14.1,55.0,2.0
Jean,2022-12-24T00:00,27.0,25.0,1.0,4.0,17.0,1.0
Palo Verde,2022-12-24T00:00,25.0,23.0,1.0,10.2,43.0,1.0
Mountains Edge,2022-12-24T00:00,29.0,27.0,1.0,8.4,35.0,1.0
Walter Johnson,2022-12-24T00:00,25.0,23.0,1.0,10.3,43.0,1.0
Paul Meyer,2022-12-24T00:00,30.0,28.0,1.0,12.9,53.0,2.0
Joe Neal,2022-12-24T00:00,33.0,31.0,1.0,9.9,41.0,1.0
Liberty High School,2022-12-24T00:00,20.0,19.0,1.0,7.1,30.0,1.0
Sunrise Acres,2022-12-24T00:00,21.0,19.0,1.0,7.1,30.0,1.0
Walnut Rec.,2022-12-24T00:00,27.0,25.0,1.0,6.4,27.0,1.0
Jerome Mack,2022-12-24T00:00,19.0,18.0,1.0,7.4,31.0,1.0
GreenValley,2022-12-24T00:00,17.0,16.0,1.0,5.3,22.0,1.0
Garrett Jr. High,2022-12-24T00:00,13.0,12.0,1.0,3.4,14.0,1.0
Yuma Supersite,2022-12-24T00:00,19.0,18.0,1.0,3.1,13.0,1.0
Bullhead City,2022-12-24T00:00,6.0,6.0,1.0,,,
Virgin Valley,2022-12-24T00:00,10.0,9.0,1.0,2.2,9.0,1.0
Alamo Lake,2022-12-24T00:00,0.0,0.0,1.0,0.0,0.0,1.0
Ajo,2022-12-24T00:00,10.0,9.0,1.0,,,
Buckeye,2022-12-24T00:00,33.0,31.0,1.0,,,
Pocatello Garrett and Gould,2022-12-24T00:00,6.0,6.0,1.0,4.5,19.0,1.0
Dysart,2022-12-24T00:00,20.0,19.0,1.0,,,
Zuni Hills,2022-12-24T00:00,18.0,17.0,1.0,,,
Glendale Community College,2022-12-24T00:00,22.0,20.0,1.0,12.7,52.0,2.0
West 43rd,2022-12-24T00:00,23.0,21.0,1.0,,,
West Phoenix,2022-12-24T00:00,33.0,31.0,1.0,15.7,59.0,2.0
Durango Complex,2022-12-24T00:00,41.0,38.0,1.0,20.0,68.0,2.0
Phoenix JLG Supersite,2022-12-24T00:00,32.0,30.0,1.0,12.8,52.0,2.0
South Phoenix,2022-12-24T00:00,31.0,29.0,1.0,16.2,60.0,2.0
North Phoenix,2022-12-24T00:00,18.0,17.0,1.0,11.0,46.0,1.0
Maricopa,2022-12-24T00:00,14.0,13.0,1.0,,,
Central Phoenix,2022-12-24T00:00,27.0,25.0,1.0,,,
Hidden Valley,2022-12-24T00:00,19.0,18.0,1.0,9.8,41.0,1.0
Herriman #3,2022-12-24T00:00,47.0,44.0,1.0,23.9,76.0,2.0
Harrisville,2022-12-24T00:00,16.0,15.0,1.0,3.4,14.0,1.0
Stanfield,2022-12-24T00:00,20.0,19.0,1.0,,,
Tempe,2022-12-24T00:00,15.0,14.0,1.0,9.0,38.0,1.0
South Scottsdale,2022-12-24T00:00,17.0,16.0,1.0,,,
West Chandler Fire Station,2022-12-24T00:00,21.0,19.0,1.0,,,
Hawthorne,2022-12-24T00:00,52.0,48.0,1.0,21.9,72.0,2.0
Mesa - Brooks Reservoir,2022-12-24T00:00,12.0,11.0,1.0,7.9,33.0,1.0
Senior Center,2022-12-24T00:00,8.0,7.0,1.0,,,
LEHI,2022-12-24T00:00,15.0,14.0,1.0,,,
Casa Grande Downtown,2022-12-24T00:00,22.0,20.0,1.0,4.1,17.0,1.0
Higley,2022-12-24T00:00,19.0,18.0,1.0,,,
Lindon,2022-12-24T00:00,40.0,37.0,1.0,22.4,73.0,2.0
Ft McD Yuma Frank-AZ,2022-12-24T00:00,18.0,17.0,1.0,,,
Pinal County Housing,2022-12-24T00:00,16.0,15.0,1.0,,,
COMBS,2022-12-24T00:00,19.0,18.0,1.0,,,
Eloy,2022-12-24T00:00,22.0,20.0,1.0,,,
Apache Junction,2022-12-24T00:00,12.0,11.0,1.0,,,
Payson Well Site,2022-12-24T00:00,8.0,7.0,1.0,,,
Pinal Air Park,2022-12-24T00:00,15.0,14.0,1.0,,,
Rillito,2022-12-24T00:00,15.0,14.0,1.0,,,
Orange Grove,2022-12-24T00:00,10.0,9.0,1.0,5.0,21.0,1.0
Green Valley,2022-12-24T00:00,5.0,5.0,1.0,0.0,0.0,1.0
South Tucson,2022-12-24T00:00,15.0,14.0,1.0,,,
Geronimo,2022-12-24T00:00,19.0,18.0,1.0,2.3,10.0,1.0
Nogales ITN,2022-12-24T00:00,37.0,34.0,1.0,6.4,27.0,1.0
Nogales Post Office,2022-12-24T00:00,17.0,16.0,1.0,8.1,34.0,1.0
Miami Golf Course,2022-12-24T00:00,7.0,6.0,1.0,,,
Corona de Tucson,2022-12-24T00:00,9.0,8.0,1.0,,,
Hayden,2022-12-24T00:00,0.0,0.0,1.0,,,
Paul Spur Chemical Lime Plant,2022-12-24T00:00,13.0,12.0,1.0,,,
Douglas Red Cross,2022-12-24T00:00,7.0,6.0,1.0,,,
Substation,2022-12-24T00:00,1.0,1.0,1.0,,,
Ute 3,2022-12-24T00:00,4.0,4.0,1.0,1.0,4.0,1.0
7E Deming Airport,2022-12-24T00:00,35.0,32.0,1.0,,,
Ute 1,2022-12-24T00:00,8.0,7.0,1.0,1.9,8.0,1.0
Holman Rd,2022-12-24T00:00,27.0,25.0,1.0,,,
South Valley,2022-12-24T00:00,38.0,35.0,1.0,,,
Jefferson,2022-12-24T00:00,40.0,37.0,1.0,8.5,35.0,1.0
North Valley,2022-12-24T00:00,39.0,36.0,1.0,7.7,32.0,1.0
Anthony,2022-12-24T00:00,35.0,32.0,1.0,6.7,28.0,1.0
Del Norte,2022-12-24T00:00,33.0,31.0,1.0,,,
Desert View,2022-12-24T00:00,34.0,31.0,1.0,,,
West Mesa,2022-12-24T00:00,26.0,24.0,1.0,,,
Tramway,2022-12-24T00:00,29.0,27.0,1.0,6.9,29.0,1.0
Chaparral,2022-12-24T00:00,24.0,22.0,1.0,,,
Socorro Hueco C49,2022-12-24T00:00,20.0,19.0,1.0,3.0,13.0,1.0
Ft. Collins - CSU Facilities,2022-12-24T00:00,17.0,16.0,1.0,13.2,53.0,2.0
La Casa NCORE - 4545 Navajo St.,2022-12-24T00:00,28.0,26.0,1.0,13.5,54.0,2.0
Denver Swansea Elementary School,2022-12-24T00:00,17.0,16.0,1.0,,,
Welby - 78th Ave. & Steele St.,2022-12-24T00:00,10.0,9.0,1.0,,,
Denver - NJH - 14th Ave. & Albion St.,2022-12-24T00:00,24.0,22.0,1.0,12.5,52.0,2.0
WIND CAVE,2022-12-24T00:00,0.0,0.0,1.0,1.5,6.0,1.0
Black Hawk,2022-12-24T00:00,4.0,4.0,1.0,,,
Badlands,2022-12-24T00:00,17.0,16.0,1.0,1.7,7.0,1.0
Goodland,2022-12-24T00:00,17.0,16.0,1.0,,,
Dodge City,2022-12-24T00:00,15.0,14.0,1.0,,,
Cedar Bluff,2022-12-24T00:00,22.0,20.0,1.0,3.3,14.0,1.0
Seiling,2022-12-24T00:00,11.0,10.0,1.0,1.9,8.0,1.0
Near Road OKC,2022-12-24T00:00,15.0,14.0,1.0,3.3,14.0,1.0
Moore,2022-12-24T00:00,17.0,16.0,1.0,3.6,15.0,1.0
Healdton,2022-12-24T00:00,11.0,10.0,1.0,2.3,10.0,1.0
North OKC,2022-12-24T00:00,14.0,13.0,1.0,3.0,13.0,1.0
PECK,2022-12-24T00:00,21.0,19.0,1.0,3.0,13.0,1.0
WHlthDpt,2022-12-24T00:00,22.0,20.0,1.0,3.9,16.0,1.0
Watertown,2022-12-24T00:00,8.0,7.0,1.0,4.9,20.0,1.0
Ponca City,2022-12-24T00:00,14.0,13.0,1.0,3.5,15.0,1.0
Research Farm,2022-12-24T00:00,17.0,16.0,1.0,,,
WWTP BAM,2022-12-24T00:00,12.0,11.0,1.0,,,
Glenpool,2022-12-24T00:00,13.0,12.0,1.0,3.3,14.0,1.0
NCORE,2022-12-24T00:00,15.0,14.0,1.0,4.2,18.0,1.0
McAlester,2022-12-24T00:00,15.0,14.0,1.0,3.6,15.0,1.0
KNI-Topeka,2022-12-24T00:00,14.0,13.0,1.0,3.4,14.0,1.0
Union,2022-12-24T00:00,14.0,13.0,1.0,3.8,16.0,1.0
St. Joseph,2022-12-24T00:00,14.0,13.0,1.0,2.1,9.0,1.0
Heritage Park,2022-12-24T00:00,11.0,10.0,1.0,3.9,16.0,1.0
Troost,2022-12-24T00:00,53.0,49.0,1.0,2.1,9.0,1.0
Carthage,2022-12-24T00:00,9.0,8.0,1.0,6.4,27.0,1.0
Hillcrest HS,2022-12-24T00:00,13.0,12.0,1.0,0.1,0.0,1.0
Minneapolis-Pacific St,2022-12-24T00:00,12.0,11.0,1.0,,,
Minneapolis-Lowry Ave,2022-12-24T00:00,7.0,6.0,1.0,,,
Minneapolis - Bottineau/Marshall Terrace,2022-12-24T00:00,9.0,8.0,1.0,,,
Blaine,2022-12-24T00:00,2.0,2.0,1.0,,,
St. Paul - Downtown,2022-12-24T00:00,11.0,10.0,1.0,,,
Mark Twain SP,2022-12-24T00:00,9.0,8.0,1.0,,,
Eau Claire,2022-12-24T00:00,10.0,9.0,1.0,5.1,21.0,1.0
Buffalo,2022-12-24T00:00,67.0,57.0,2.0,3.0,13.0,1.0
Arnold West,2022-12-24T00:00,8.0,7.0,1.0,5.6,23.0,1.0
Blair Street,2022-12-24T00:00,14.0,13.0,1.0,3.2,13.0,1.0
Branch Street,2022-12-24T00:00,19.0,18.0,1.0,2.2,9.0,1.0
Jackson NCORE,2022-12-24T00:00,8.0,7.0,1.0,4.2,18.0,1.0
Devils Lake,2022-12-24T00:00,11.0,10.0,1.0,5.3,22.0,1.0
Madison University Ave,2022-12-24T00:00,11.0,10.0,1.0,5.5,23.0,1.0
Horicon Wildlife Area,2022-12-24T00:00,14.0,13.0,1.0,4.9,20.0,1.0
WAUKESHA - CLEVELAND AVE,2022-12-24T00:00,44.0,41.0,1.0,6.7,28.0,1.0
MILWAUKEE COLLEGE AVE.-NR,2022-12-24T00:00,23.0,21.0,1.0,5.8,24.0,1.0
Evansville-Buena Vista,2022-12-24T00:00,17.0,16.0,1.0,6.5,27.0,1.0
Gary-IITRI,2022-12-24T00:00,48.0,44.0,1.0,,,
Ellyson Industrial Park,2022-12-24T00:00,8.0,7.0,1.0,3.3,14.0,1.0
Portage-Hwy 12,2022-12-24T00:00,17.0,16.0,1.0,,,
WYLAM,2022-12-24T00:00,8.0,7.0,1.0,5.3,22.0,1.0
NO. BHAM,2022-12-24T00:00,10.0,9.0,1.0,6.0,25.0,1.0
Shuttlesworth,2022-12-24T00:00,6.0,6.0,1.0,6.2,26.0,1.0
Indpls-Washington Park,2022-12-24T00:00,41.0,38.0,1.0,8.0,33.0,1.0
WATSON,2022-12-24T00:00,18.0,17.0,1.0,7.1,30.0,1.0
JENISON,2022-12-24T00:00,15.0,14.0,1.0,4.3,18.0,1.0
Algonquin Parkway,2022-12-24T00:00,20.0,19.0,1.0,6.3,26.0,1.0
Near Road,2022-12-24T00:00,17.0,16.0,1.0,6.8,28.0,1.0
GRAND RAPIDS,2022-12-24T00:00,55.0,51.0,2.0,4.0,17.0,1.0
Cannons Lane,2022-12-24T00:00,18.0,17.0,1.0,6.8,28.0,1.0
Carrithers Middle School,2022-12-24T00:00,18.0,17.0,1.0,7.4,31.0,1.0
Rossville-Williams St,2022-12-24T00:00,14.0,13.0,1.0,7.7,32.0,1.0
Columbus Airport,2022-12-24T00:00,7.0,6.0,1.0,3.5,15.0,1.0
Taft NCore,2022-12-24T00:00,16.0,15.0,1.0,6.3,26.0,1.0
Gwinnett Tech,2022-12-24T00:00,8.0,7.0,1.0,4.5,19.0,1.0
Gainesville,2022-12-24T00:00,8.0,7.0,1.0,4.2,18.0,1.0
Warner Robins,2022-12-24T00:00,5.0,5.0,1.0,2.9,12.0,1.0
Macon Forestry,2022-12-24T00:00,7.0,6.0,1.0,3.4,14.0,1.0
Athens,2022-12-24T00:00,9.0,8.0,1.0,4.6,19.0,1.0
DEARBORN,2022-12-24T00:00,76.0,61.0,2.0,13.4,54.0,2.0
Sandersville,2022-12-24T00:00,15.0,14.0,1.0,5.7,24.0,1.0
Greenville-ESC,2022-12-24T00:00,7.0,6.0,1.0,3.4,14.0,1.0
GT Craig NCore,2022-12-24T00:00,119.0,83.0,2.0,,,
Palatka,2022-12-24T00:00,6.0,6.0,1.0,,,
Kooker Park,2022-12-24T00:00,7.0,6.0,1.0,5.8,24.0,1.0
Mandarin,2022-12-24T00:00,6.0,6.0,1.0,3.4,14.0,1.0
Seminole Community College (AG COMP),2022-12-24T00:00,12.0,11.0,1.0,3.8,16.0,1.0
Savannah L&A,2022-12-24T00:00,8.0,7.0,1.0,3.4,14.0,1.0
Cayce City Hall,2022-12-24T00:00,8.0,7.0,1.0,,,
Blind Services; 1185-A Dunn Ave,2022-12-24T00:00,13.0,12.0,1.0,5.3,22.0,1.0
Ramblewood Park,2022-12-24T00:00,6.0,6.0,1.0,,,
GARINGER,2022-12-24T00:00,3.0,3.0,1.0,2.5,10.0,1.0
HATTIEAVEN,2022-12-24T00:00,9.0,8.0,1.0,4.0,17.0,1.0
Jenkins Avenue,2022-12-24T00:00,7.0,6.0,1.0,,,
MENDNHAL,2022-12-24T00:00,8.0,7.0,1.0,2.4,10.0,1.0
W OWEN SCH,2022-12-24T00:00,7.0,6.0,1.0,,,
Durham Armory,2022-12-24T00:00,4.0,4.0,1.0,5.8,24.0,1.0
Burdens Creek,2022-12-24T00:00,9.0,8.0,1.0,4.0,17.0,1.0
Millbrook NCore,2022-12-24T00:00,8.0,7.0,1.0,3.6,15.0,1.0
LESTER BUILDING SYSTEMS  NEAR REST,2022-12-24T00:00,9.0,8.0,1.0,4.3,18.0,1.0
CASTLE H,2022-12-24T00:00,9.0,8.0,1.0,4.2,18.0,1.0
MATH & SCIENCE CTR,2022-12-24T00:00,9.0,8.0,1.0,4.3,18.0,1.0
FRANCONIA,2022-12-24T00:00,10.0,9.0,1.0,5.1,21.0,1.0
HAMPTON,2022-12-24T00:00,9.0,8.0,1.0,4.4,18.0,1.0
Princess Anne,2022-12-24T00:00,13.0,12.0,1.0,4.7,20.0,1.0
Pocomoke City,2022-12-24T00:00,9.0,8.0,1.0,4.3,18.0,1.0
Ft McD Yuma Frank-AZ,2022-12-24T01:00,18.0,17.0,1.0,,,
Crescent City,2022-12-24T00:00,,,,3.7,15.0,1.0
Florence-Department of Forestry,2022-12-24T00:00,,,,3.5,15.0,1.0
Toledo NE Hwy20 & NW A St,2022-12-24T00:00,,,,6.7,28.0,1.0
Cave Junction Forest Service,2022-12-24T00:00,,,,2.6,11.0,1.0
MMCA82001,2022-12-24T00:00,,,,6.8,28.0,1.0
Roseburg Fire Dept,2022-12-24T00:00,,,,18.4,64.0,2.0
Willits Blosser Lane,2022-12-24T00:00,,,,9.0,38.0,1.0
Grants Pass - Parkside School,2022-12-24T00:00,,,,4.6,19.0,1.0
Dallas LaCreole Middle School,2022-12-24T00:00,,,,5.6,23.0,1.0
Corvallis EPA Office,2022-12-24T00:00,,,,11.8,49.0,1.0
Ukiah Library,2022-12-24T00:00,,,,8.9,37.0,1.0
MMCA82067,2022-12-24T00:00,,,,3.1,13.0,1.0
McMinnville High School,2022-12-24T00:00,,,,9.2,38.0,1.0
Eugene - Highway 99,2022-12-24T00:00,,,,13.0,53.0,2.0
Eugene - Wilkes Dr.,2022-12-24T00:00,,,,0.5,2.0,1.0
Albany - Calapooia School,2022-12-24T00:00,,,,12.3,51.0,2.0
Eugene - Amazon Park,2022-12-24T00:00,,,,24.5,77.0,2.0
Cottage Grove City Shops,2022-12-24T00:00,,,,8.9,37.0,1.0
Springfield City Hall,2022-12-24T00:00,,,,4.8,20.0,1.0
Salem - State Hospital,2022-12-24T00:00,,,,15.5,58.0,2.0
Salem Chemeketa Community College,2022-12-24T00:00,,,,12.7,52.0,2.0
Weaverville,2022-12-24T00:00,,,,1.7,7.0,1.0
Turner - CJHS,2022-12-24T00:00,,,,7.2,30.0,1.0
SISK1006,2022-12-24T00:00,,,,0.0,0.0,1.0
Medford Welch & Jackson,2022-12-24T00:00,,,,12.8,52.0,2.0
Woodburn Chemeketa Community College,2022-12-24T00:00,,,,8.7,36.0,1.0
Sebastopol,2022-12-24T00:00,,,,22.9,74.0,2.0
Shady Cove - Shady Cove School,2022-12-24T00:00,,,,5.2,22.0,1.0
Silverton,2022-12-24T00:00,,,,8.7,36.0,1.0
Talent - Rapp Lane,2022-12-24T00:00,,,,8.3,35.0,1.0
Portland Near Road,2022-12-24T00:00,,,,9.1,38.0,1.0
Sweet Home - Fire Department,2022-12-24T00:00,,,,18.6,65.0,2.0
Ashland Fire Dept,2022-12-24T00:00,,,,7.8,33.0,1.0
Lyons,2022-12-24T00:00,,,,16.0,59.0,2.0
Portland - Spangler Road,2022-12-24T00:00,,,,8.5,35.0,1.0
MMCA82015,2022-12-24T00:00,,,,7.2,30.0,1.0
San Rafael,2022-12-24T00:00,,,,30.2,89.0,2.0
Oakridge - Willamette Activity Center,2022-12-24T00:00,,,,13.5,54.0,2.0
Mill City,2022-12-24T00:00,,,,11.3,47.0,1.0
San Francisco,2022-12-24T00:00,,,,28.0,84.0,2.0
Redding,2022-12-24T00:00,,,,5.6,23.0,1.0
San Pablo - Rumrill,2022-12-24T00:00,,,,29.9,88.0,2.0
Estacada Clackamas River Elementary School,2022-12-24T00:00,,,,7.0,29.0,1.0
Oakland West,2022-12-24T00:00,,,,33.8,97.0,2.0
Laney College,2022-12-24T00:00,,,,35.6,101.0,3.0
Red Bluff - Walnut office,2022-12-24T00:00,,,,12.3,51.0,2.0
Redwood City,2022-12-24T00:00,,,,28.1,85.0,2.0
Oakland,2022-12-24T00:00,,,,26.7,82.0,2.0
SLV Middle School AMS,2022-12-24T00:00,,,,5.1,21.0,1.0
Concord,2022-12-24T00:00,,,,31.9,93.0,2.0
Santa Cruz AMS,2022-12-24T00:00,,,,13.8,55.0,2.0
Vacaville,2022-12-24T00:00,,,,15.7,59.0,2.0
Chiloquin,2022-12-24T00:00,,,,1.9,8.0,1.0
Pleasanton - Owens Ct.,2022-12-24T00:00,,,,25.8,80.0,2.0
San Jose - Jackson St.,2022-12-24T00:00,,,,30.8,90.0,2.0
San Jose - Knox Ave,2022-12-24T00:00,,,,27.9,84.0,2.0
Livermore - Rincon,2022-12-24T00:00,,,,27.7,84.0,2.0
Davis - UCD Campus,2022-12-24T00:00,,,,18.0,63.0,2.0
Carmel Valley AMS,2022-12-24T00:00,,,,1.6,7.0,1.0
Woodland,2022-12-24T00:00,,,,20.7,69.0,2.0
Klamath Falls - Peterson School,2022-12-24T00:00,,,,7.3,30.0,1.0
Rio Vista,2022-12-24T00:00,,,,32.8,95.0,2.0
Gridley,2022-12-24T00:00,,,,13.9,55.0,2.0
Salinas AMS,2022-12-24T00:00,,,,6.9,29.0,1.0
Paradise Theater,2022-12-24T00:00,,,,11.8,49.0,1.0
Gilory - 9th Street,2022-12-24T00:00,,,,16.8,61.0,2.0
Sisters Forest Service,2022-12-24T00:00,,,,8.5,35.0,1.0
La Pine Rural Fire Dept,2022-12-24T00:00,,,,5.4,23.0,1.0
Bercut Dr,2022-12-24T00:00,,,,28.7,86.0,2.0
Sunriver Three Rivers School,2022-12-24T00:00,,,,5.4,23.0,1.0
Elk Grove,2022-12-24T00:00,,,,34.5,98.0,2.0
Arden Arcade - Del Paso Manor,2022-12-24T00:00,,,,28.0,84.0,2.0
Lincoln,2022-12-24T00:00,,,,25.9,80.0,2.0
Bend Pine Ridge Elementary School,2022-12-24T00:00,,,,2.5,10.0,1.0
Bend - Pump Station,2022-12-24T00:00,,,,4.9,20.0,1.0
Bend NE 8th & Emerson,2022-12-24T00:00,,,,3.8,16.0,1.0
Stockton - University Park,2022-12-24T00:00,,,,35.4,100.0,2.0
Bend Ponderosa Elementary School,2022-12-24T00:00,,,,11.1,46.0,1.0
Chester BAM,2022-12-24T00:00,,,,8.5,35.0,1.0
Sloughhouse,2022-12-24T00:00,,,,23.0,74.0,2.0
Redmond High School,2022-12-24T00:00,,,,9.2,38.0,1.0
Folsom,2022-12-24T00:00,,,,25.1,78.0,2.0
Madras - Westside School,2022-12-24T00:00,,,,7.4,31.0,1.0
Auburn,2022-12-24T00:00,,,,17.4,62.0,2.0
Grass Valley,2022-12-24T00:00,,,,6.9,29.0,1.0
Colfax,2022-12-24T00:00,,,,9.2,38.0,1.0
Quincy,2022-12-24T00:00,,,,8.0,33.0,1.0
Prineville - Davidson Park,2022-12-24T00:00,,,,18.4,64.0,2.0
MMCA82034,2022-12-24T00:00,,,,1.6,7.0,1.0
Portola,2022-12-24T00:00,,,,14.2,55.0,2.0
Merced - S. Coffee Ave,2022-12-24T00:00,,,,34.0,97.0,2.0
Tranquillity,2022-12-24T00:00,,,,28.1,85.0,2.0
Lakeview - Center & M,2022-12-24T00:00,,,,3.0,13.0,1.0
Truckee BAM,2022-12-24T00:00,,,,2.7,11.0,1.0
Tahoe City,2022-12-24T00:00,,,,5.2,22.0,1.0
MMCA82019,2022-12-24T00:00,,,,5.6,23.0,1.0
Huron,2022-12-24T00:00,,,,7.9,33.0,1.0
Santa Ynez,2022-12-24T00:00,,,,4.4,18.0,1.0
Fresno-Foundry Park,2022-12-24T00:00,,,,30.6,90.0,2.0
CC_Armory,2022-12-24T00:00,,,,6.8,28.0,1.0
Fresno-Pacific,2022-12-24T00:00,,,,38.7,109.0,3.0
Ranchos,2022-12-24T00:00,,,,6.8,28.0,1.0
Spanish Springs,2022-12-24T00:00,,,,10.3,43.0,1.0
Visalia - W Ashland Avenue,2022-12-24T00:00,,,,35.1,99.0,2.0
Ojai - Ojai Ave.,2022-12-24T00:00,,,,0.0,0.0,1.0
Bakersfield - California Ave,2022-12-24T00:00,,,,32.4,94.0,2.0
Porterville-NFS,2022-12-24T00:00,,,,31.7,92.0,2.0
Burns - Washington St.,2022-12-24T00:00,,,,4.7,20.0,1.0
Pinehurst,2022-12-24T00:00,,,,0.0,0.0,1.0
PM2.5 Mammoth Lakes EBAM,2022-12-24T00:00,,,,4.0,17.0,1.0
John Day Dayton St,2022-12-24T00:00,,,,7.3,30.0,1.0
Thousand Oaks - Moorpark Road,2022-12-24T00:00,,,,6.9,29.0,1.0
Lebec,2022-12-24T00:00,,,,1.2,5.0,1.0
Sequoia and Kings Canyon - Ash Mountain,2022-12-24T00:00,,,,2.9,12.0,1.0
Springville,2022-12-24T00:00,,,,16.9,61.0,2.0
Piru - Pacific,2022-12-24T00:00,,,,2.8,12.0,1.0
Reseda,2022-12-24T00:00,,,,23.5,75.0,2.0
Santa Clarita,2022-12-24T00:00,,,,1.3,5.0,1.0
North Holywood,2022-12-24T00:00,,,,22.2,72.0,2.0
Compton,2022-12-24T00:00,,,,33.2,95.0,2.0
La Grande Hall & N Sts,2022-12-24T00:00,,,,4.2,18.0,1.0
Lone Pine Paiute/Shoshone Tribe-CA,2022-12-24T00:00,,,,4.0,17.0,1.0
Baker City - Forest Service,2022-12-24T00:00,,,,3.4,14.0,1.0
Cove - City Hall,2022-12-24T00:00,,,,3.2,13.0,1.0
Camp Pendleton,2022-12-24T00:00,,,,10.7,45.0,1.0
Crestline - Lake Gregory,2022-12-24T00:00,,,,0.6,3.0,1.0
San Diego - Sherman Elementary School,2022-12-24T00:00,,,,19.0,66.0,2.0
Temecula (Lake Skinner),2022-12-24T00:00,,,,10.2,43.0,1.0
Ontario May Roberts Elementary School,2022-12-24T00:00,,,,3.1,13.0,1.0
El Cajon - Lexington Elementary School,2022-12-24T00:00,,,,15.1,57.0,2.0
Otay Mesa - Donovan,2022-12-24T00:00,,,,24.1,76.0,2.0
Big Bear,2022-12-24T00:00,,,,3.7,15.0,1.0
Banning - South Hathaway Street,2022-12-24T00:00,,,,9.3,39.0,1.0
Alpine,2022-12-24T00:00,,,,8.2,34.0,1.0
St. Lukes Meridian,2022-12-24T00:00,,,,5.8,24.0,1.0
McCall,2022-12-24T00:00,,,,11.7,49.0,1.0
Garden Valley,2022-12-24T00:00,,,,5.5,23.0,1.0
Idaho City,2022-12-24T00:00,,,,5.9,25.0,1.0
RT,2022-12-24T00:00,,,,6.8,28.0,1.0
Twin Falls PM25,2022-12-24T00:00,,,,6.8,28.0,1.0
Ketchum,2022-12-24T00:00,,,,6.4,27.0,1.0
Salmon PM2.5,2022-12-24T00:00,,,,13.9,55.0,2.0
Hurricane,2022-12-24T00:00,,,,2.2,9.0,1.0
Enoch,2022-12-24T00:00,,,,5.9,25.0,1.0
Dillon,2022-12-24T00:00,,,,11.4,48.0,1.0
Erda,2022-12-24T00:00,,,,4.9,20.0,1.0
Idaho Falls PM2.5,2022-12-24T00:00,,,,1.4,6.0,1.0
Eastwood,2022-12-24T00:00,,,,14.2,55.0,2.0
Utah Tech. Center,2022-12-24T00:00,,,,21.6,71.0,2.0
Rose Park,2022-12-24T00:00,,,,21.8,71.0,2.0
NR,2022-12-24T00:00,,,,31.8,92.0,2.0
Copper View,2022-12-24T00:00,,,,30.2,89.0,2.0
BV,2022-12-24T00:00,,,,21.7,71.0,2.0
Preston PM25 BAM,2022-12-24T00:00,,,,6.9,29.0,1.0
Smithfield,2022-12-24T00:00,,,,13.4,54.0,2.0
Cave Camp - Timpanogos Cave,2022-12-24T00:00,,,,19.1,66.0,2.0
Spanish Fork,2022-12-24T00:00,,,,23.3,75.0,2.0
Coachline,2022-12-24T00:00,,,,0.0,0.0,1.0
West Yellowstone Park Ent #2,2022-12-24T00:00,,,,1.6,7.0,1.0
Children's Park Site,2022-12-24T00:00,,,,3.2,13.0,1.0
Rose Elementary,2022-12-24T00:00,,,,0.3,1.0,1.0
Yellowstone- Old Faithful Snow Lodge,2022-12-24T00:00,,,,2.3,10.0,1.0
Roosevelt,2022-12-24T00:00,,,,4.8,20.0,1.0
Vernal #4,2022-12-24T00:00,,,,4.4,18.0,1.0
Rangely- CO,2022-12-24T00:00,,,,3.9,16.0,1.0
Grand Junction - Powell Building,2022-12-24T00:00,,,,3.4,14.0,1.0
Yellow Brick Building,2022-12-24T00:00,,,,1.4,6.0,1.0
Las Cruces ED,2022-12-24T00:00,,,,6.0,25.0,1.0
Santa Teresa,2022-12-24T00:00,,,,9.1,38.0,1.0
Ascarate Park Southeast C37,2022-12-24T00:00,,,,13.1,53.0,2.0
Santa Fe Airport,2022-12-24T00:00,,,,1.9,8.0,1.0
Taos Fire Station,2022-12-24T00:00,,,,1.4,6.0,1.0
Boulder - CU - 2102 Athens St.,2022-12-24T00:00,,,,8.8,37.0,1.0
Longmont,2022-12-24T00:00,,,,14.1,55.0,2.0
Chatfield Park - 11500 N. Roxborough Park Rd.,2022-12-24T00:00,,,,15.8,59.0,2.0
I25 Denver,2022-12-24T00:00,,,,5.7,24.0,1.0
Globeville,2022-12-24T00:00,,,,10.7,45.0,1.0
Denver - CAMP - 2105 Broadway,2022-12-24T00:00,,,,13.7,54.0,2.0
Adams-Birch,2022-12-24T00:00,,,,10.7,45.0,1.0
Colorado College,2022-12-24T00:00,,,,2.4,10.0,1.0
Greeley Hospital,2022-12-24T00:00,,,,4.7,20.0,1.0
Pierre,2022-12-24T00:00,,,,0.0,0.0,1.0
San Antonio Old Hwy90 C677,2022-12-24T00:00,,,,3.9,16.0,1.0
Grand Island DOT,2022-12-24T00:00,,,,2.2,9.0,1.0
Waco C1037,2022-12-24T00:00,,,,4.7,20.0,1.0
Vermillion,2022-12-24T00:00,,,,5.6,23.0,1.0
Homestead NHP,2022-12-24T00:00,,,,0.0,0.0,1.0
LLCHD BAM,2022-12-24T00:00,,,,1.0,4.0,1.0
2912 Coffey,2022-12-24T00:00,,,,5.2,22.0,1.0
Marshall,2022-12-24T00:00,,,,4.0,17.0,1.0
Clinton C403,2022-12-24T00:00,,,,2.6,11.0,1.0
Viking Lake State Park,2022-12-24T00:00,,,,2.6,11.0,1.0
Emmetsburg- ILCC,2022-12-24T00:00,,,,4.4,18.0,1.0
RG_South,2022-12-24T00:00,,,,1.1,5.0,1.0
Blue Ridge I-70,2022-12-24T00:00,,,,2.6,11.0,1.0
Liberty,2022-12-24T00:00,,,,1.4,6.0,1.0
SPRNGDLE,2022-12-24T00:00,,,,3.4,14.0,1.0
El Do Springs,2022-12-24T00:00,,,,0.2,1.0,1.0
Shreveport Airport,2022-12-24T00:00,,,,4.4,18.0,1.0
St. Michael,2022-12-24T00:00,,,,4.1,17.0,1.0
CARPENTER,2022-12-24T00:00,,,,6.0,25.0,1.0
Shakopee,2022-12-24T00:00,,,,6.6,28.0,1.0
Lakeville - Near Road,2022-12-24T00:00,,,,4.7,20.0,1.0
Westlake,2022-12-24T00:00,,,,3.2,13.0,1.0
Minneapolis-Phillips,2022-12-24T00:00,,,,4.1,17.0,1.0
Minneapolis-Near Road,2022-12-24T00:00,,,,4.3,18.0,1.0
Apple Valley,2022-12-24T00:00,,,,4.4,18.0,1.0
St. Paul-Harding H.S.,2022-12-24T00:00,,,,4.6,19.0,1.0
Rochester,2022-12-24T00:00,,,,4.9,20.0,1.0
Rochester,2022-12-24T00:00,,,,5.1,21.0,1.0
Waterloo- Water Tower,2022-12-24T00:00,,,,8.1,34.0,1.0
PARR,2022-12-24T00:00,,,,2.8,12.0,1.0
Lafayette,2022-12-24T00:00,,,,3.5,15.0,1.0
Lake Sugema,2022-12-24T00:00,,,,11.1,46.0,1.0
PUBLIC HEALTH,2022-12-24T00:00,,,,9.6,40.0,1.0
Iowa City- Hoover School,2022-12-24T00:00,,,,9.0,38.0,1.0
LACROSSE DOT,2022-12-24T00:00,,,,5.2,22.0,1.0
Capitol,2022-12-24T00:00,,,,6.7,28.0,1.0
Muscatine- High School East Campus,2022-12-24T00:00,,,,5.3,22.0,1.0
French Settlement,2022-12-24T00:00,,,,3.5,15.0,1.0
Thibodaux,2022-12-24T00:00,,,,5.3,22.0,1.0
CLEVELAND,2022-12-24T00:00,,,,3.7,15.0,1.0
Potosi,2022-12-24T00:00,,,,7.1,30.0,1.0
PERKINSTOWN,2022-12-24T00:00,,,,4.7,20.0,1.0
Davenport- 10th & Vine,2022-12-24T00:00,,,,9.2,38.0,1.0
ROCK_IS,2022-12-24T00:00,,,,9.0,38.0,1.0
Ladue,2022-12-24T00:00,,,,3.7,15.0,1.0
JERSEYVL,2022-12-24T00:00,,,,5.1,21.0,1.0
Forest Park,2022-12-24T00:00,,,,6.3,26.0,1.0
South Broadway,2022-12-24T00:00,,,,4.5,19.0,1.0
Hinds CC,2022-12-24T00:00,,,,3.1,13.0,1.0
Clinton- Chancy Park,2022-12-24T00:00,,,,8.4,35.0,1.0
Madisonville,2022-12-24T00:00,,,,1.7,7.0,1.0
MARION,2022-12-24T00:00,,,,5.5,23.0,1.0
East St. Louis,2022-12-24T00:00,,,,5.8,24.0,1.0
GC_MAD,2022-12-24T00:00,,,,9.5,40.0,1.0
City Park,2022-12-24T00:00,,,,1.4,6.0,1.0
HERNANDO,2022-12-24T00:00,,,,4.2,18.0,1.0
HOUSTON,2022-12-24T00:00,,,,6.4,27.0,1.0
Springfield Ag,2022-12-24T00:00,,,,6.5,27.0,1.0
WAVELAND,2022-12-24T00:00,,,,3.0,13.0,1.0
DYERSBURG,2022-12-24T00:00,,,,0.0,0.0,1.0
MADISON EAST,2022-12-24T00:00,,,,5.1,21.0,1.0
Hattiesburg,2022-12-24T00:00,,,,4.3,18.0,1.0
Rockford,2022-12-24T00:00,,,,6.4,27.0,1.0
GPORT YC,2022-12-24T00:00,,,,3.6,15.0,1.0
NORMAL,2022-12-24T00:00,,,,10.5,44.0,1.0
DECATUR,2022-12-24T00:00,,,,8.0,33.0,1.0
DECATUR,2022-12-24T00:00,,,,6.4,27.0,1.0
Jackson,2022-12-24T00:00,,,,2.1,9.0,1.0
PASCAGOULA,2022-12-24T00:00,,,,3.2,13.0,1.0
APPLETON AAL,2022-12-24T00:00,,,,5.5,23.0,1.0
BONDVILLE,2022-12-24T00:00,,,,7.4,31.0,1.0
Ward,2022-12-24T00:00,,,,0.0,0.0,1.0
CARY,2022-12-24T00:00,,,,6.4,27.0,1.0
BRAIDWD,2022-12-24T00:00,,,,7.8,33.0,1.0
Naperville,2022-12-24T00:00,,,,9.3,39.0,1.0
Joliet,2022-12-24T00:00,,,,9.8,41.0,1.0
CHICK.,2022-12-24T00:00,,,,3.7,15.0,1.0
GREEN BAY E HIGH,2022-12-24T00:00,,,,5.2,22.0,1.0
MILWAUKEE 16TH ST,2022-12-24T00:00,,,,6.2,26.0,1.0
SCHILPRK,2022-12-24T00:00,,,,7.6,32.0,1.0
DESPLNS,2022-12-24T00:00,,,,7.6,32.0,1.0
CHIWAUKEE,2022-12-24T00:00,,,,6.1,25.0,1.0
HARRINGTON BCH,2022-12-24T00:00,,,,4.9,20.0,1.0
NORTHBRK,2022-12-24T00:00,,,,7.1,30.0,1.0
Cicero2,2022-12-24T00:00,,,,5.3,22.0,1.0
ALSIP,2022-12-24T00:00,,,,11.8,49.0,1.0
CHI_SP,2022-12-24T00:00,,,,6.1,25.0,1.0
CHI_COM,2022-12-24T00:00,,,,7.2,30.0,1.0
Kingery Near-road #1,2022-12-24T00:00,,,,9.0,38.0,1.0
Hammond-167th St,2022-12-24T00:00,,,,8.0,33.0,1.0
East Chicago - Marina,2022-12-24T00:00,,,,9.1,38.0,1.0
Loretto,2022-12-24T00:00,,,,5.2,22.0,1.0
Clarksville,2022-12-24T00:00,,,,3.8,16.0,1.0
OWENPRI,2022-12-24T00:00,,,,6.9,29.0,1.0
Columbia,2022-12-24T00:00,,,,4.1,17.0,1.0
MCADORY,2022-12-24T00:00,,,,5.5,23.0,1.0
CORNER,2022-12-24T00:00,,,,6.3,26.0,1.0
Huntsville Old Airport,2022-12-24T00:00,,,,7.3,30.0,1.0
LEEDS,2022-12-24T00:00,,,,5.7,24.0,1.0
MONTG,2022-12-24T00:00,,,,3.0,13.0,1.0
Indpls-W.18th St,2022-12-24T00:00,,,,8.6,36.0,1.0
South Bend-Shields Dr,2022-12-24T00:00,,,,11.1,46.0,1.0
HOLLAND,2022-12-24T00:00,,,,4.2,18.0,1.0
Indpls - I-70 E,2022-12-24T00:00,,,,8.0,33.0,1.0
GADSDEN,2022-12-24T00:00,,,,3.9,16.0,1.0
Elkhart-Prairie St.,2022-12-24T00:00,,,,5.1,21.0,1.0
Fishers,2022-12-24T00:00,,,,6.7,28.0,1.0
ETOWN2,2022-12-24T00:00,,,,6.6,28.0,1.0
Jeffersonville - Bates-Bowyer Av,2022-12-24T00:00,,,,6.4,27.0,1.0
St. Andrews Park,2022-12-24T00:00,,,,0.0,0.0,1.0
Anderson-Eastside Elem. Sch,2022-12-24T00:00,,,,9.6,40.0,1.0
Larwill,2022-12-24T00:00,,,,10.4,43.0,1.0
Bonifay,2022-12-24T00:00,,,,6.4,27.0,1.0
KALAMAZOO,2022-12-24T00:00,,,,5.6,23.0,1.0
Cookeville,2022-12-24T00:00,,,,1.9,8.0,1.0
Rome,2022-12-24T00:00,,,,5.0,21.0,1.0
Riverside,2022-12-24T00:00,,,,7.2,30.0,1.0
PC South Girard School,2022-12-24T00:00,,,,1.9,8.0,1.0
HOUGHTON LAKE,2022-12-24T00:00,,,,7.4,31.0,1.0
Preble NCore,2022-12-24T00:00,,,,26.2,81.0,2.0
Colerain,2022-12-24T00:00,,,,6.8,28.0,1.0
SOMERST,2022-12-24T00:00,,,,6.0,25.0,1.0
ATHENS,2022-12-24T00:00,,,,2.2,9.0,1.0
LANSING,2022-12-24T00:00,,,,4.6,19.0,1.0
Lower Price Hill,2022-12-24T00:00,,,,6.1,25.0,1.0
Harriman,2022-12-24T00:00,,,,5.4,23.0,1.0
Cincinnati Near Road,2022-12-24T00:00,,,,5.3,22.0,1.0
NEWTWN,2022-12-24T00:00,,,,6.1,25.0,1.0
NKU,2022-12-24T00:00,,,,6.6,28.0,1.0
NR-Georgia Tech,2022-12-24T00:00,,,,4.1,17.0,1.0
Sycamore,2022-12-24T00:00,,,,6.4,27.0,1.0
United Ave,2022-12-24T00:00,,,,6.1,25.0,1.0
Tallahassee Community College,2022-12-24T00:00,,,,5.0,21.0,1.0
LOUDONMS,2022-12-24T00:00,,,,3.7,15.0,1.0
Lebanon,2022-12-24T00:00,,,,4.9,20.0,1.0
Lebanon,2022-12-24T00:00,,,,5.0,21.0,1.0
Sinclair,2022-12-24T00:00,,,,7.0,29.0,1.0
St. Marks Wildlife Refuge,2022-12-24T00:00,,,,4.8,20.0,1.0
McDonough,2022-12-24T00:00,,,,2.6,11.0,1.0
Batavia,2022-12-24T00:00,,,,3.9,16.0,1.0
Lima,2022-12-24T00:00,,,,6.5,27.0,1.0
Rule,2022-12-24T00:00,,,,8.3,35.0,1.0
TECUMSEH,2022-12-24T00:00,,,,7.8,33.0,1.0
MARYVILL,2022-12-24T00:00,,,,7.7,32.0,1.0
AIR LAB,2022-12-24T00:00,,,,6.0,25.0,1.0
BAY CITY,2022-12-24T00:00,,,,8.5,35.0,1.0
SPRINGHILL,2022-12-24T00:00,,,,6.4,27.0,1.0
Springfield Fire St1,2022-12-24T00:00,,,,6.7,28.0,1.0
MIDAIR,2022-12-24T00:00,,,,6.1,25.0,1.0
FLINT,2022-12-24T00:00,,,,6.9,29.0,1.0
YPSILANTI,2022-12-24T00:00,,,,7.1,30.0,1.0
Erie,2022-12-24T00:00,,,,7.4,31.0,1.0
Erie,2022-12-24T00:00,,,,6.1,25.0,1.0
BRYSON,2022-12-24T00:00,,,,7.1,30.0,1.0
ELIZA HOWELL-NR,2022-12-24T00:00,,,,9.1,38.0,1.0
HAZ2,2022-12-24T00:00,,,,5.5,23.0,1.0
ALLEN PARK,2022-12-24T00:00,,,,7.8,33.0,1.0
NMH48217,2022-12-24T00:00,,,,7.7,32.0,1.0
TRINITY,2022-12-24T00:00,,,,9.1,38.0,1.0
DETROIT-SW,2022-12-24T00:00,,,,9.7,40.0,1.0
MILITARY PARK,2022-12-24T00:00,,,,8.5,35.0,1.0
DP4TH,2022-12-24T00:00,,,,8.0,33.0,1.0
Smoky Row Near Road,2022-12-24T00:00,,,,7.7,32.0,1.0
Windsor Downtown,2022-12-24T00:00,,,,5.3,22.0,1.0
GRAYSON,2022-12-24T00:00,,,,5.4,23.0,1.0
New Albany,2022-12-24T00:00,,,,8.0,33.0,1.0
NEW HAVEN,2022-12-24T00:00,,,,4.7,20.0,1.0
ODOT Ironton,2022-12-24T00:00,,,,5.7,24.0,1.0
Crystal River Preserve,2022-12-24T00:00,,,,3.4,14.0,1.0
FIVCO,2022-12-24T00:00,,,,5.9,25.0,1.0
Lake City,2022-12-24T00:00,,,,4.3,18.0,1.0
BDED,2022-12-24T00:00,,,,0.0,0.0,1.0
PIKE2001,2022-12-24T00:00,,,,4.7,20.0,1.0
Kingsport,2022-12-24T00:00,,,,1.2,5.0,1.0
PORT HURON,2022-12-24T00:00,,,,4.2,18.0,1.0
Osceola National Forest,2022-12-24T00:00,,,,4.6,19.0,1.0
Sarnia,2022-12-24T00:00,,,,2.4,10.0,1.0
Paynes Prairie Farm,2022-12-24T00:00,,,,4.2,18.0,1.0
Chatham,2022-12-24T00:00,,,,6.3,26.0,1.0
Spruce Pine,2022-12-24T00:00,,,,2.2,9.0,1.0
TK Gregg,2022-12-24T00:00,,,,4.0,17.0,1.0
Chippewa,2022-12-24T00:00,,,,4.9,20.0,1.0
Trenton,2022-12-24T00:00,,,,3.5,15.0,1.0
Grand Bend,2022-12-24T00:00,,,,4.2,18.0,1.0
St Theodosius,2022-12-24T00:00,,,,8.7,36.0,1.0
CHARLESTON,2022-12-24T00:00,,,,4.1,17.0,1.0
Pepsi Place,2022-12-24T00:00,,,,3.5,15.0,1.0
Sheffield Elementary School,2022-12-24T00:00,,,,4.8,20.0,1.0
Tiverton,2022-12-24T00:00,,,,3.0,13.0,1.0
East HS,2022-12-24T00:00,,,,3.7,15.0,1.0
Mayo Clinic,2022-12-24T00:00,,,,5.9,25.0,1.0
Canton,2022-12-24T00:00,,,,6.1,25.0,1.0
HICKORY,2022-12-24T00:00,,,,0.9,4.0,1.0
Painesville,2022-12-24T00:00,,,,6.2,26.0,1.0
London,2022-12-24T00:00,,,,5.8,24.0,1.0
Port Stanley,2022-12-24T00:00,,,,6.2,26.0,1.0
Irmo,2022-12-24T00:00,,,,1.7,7.0,1.0
Parklane,2022-12-24T00:00,,,,3.3,14.0,1.0
Remount,2022-12-24T00:00,,,,3.8,16.0,1.0
Friendship Park,2022-12-24T00:00,,,,0.0,0.0,1.0
Laird Eng Bldg,2022-12-24T00:00,,,,6.8,28.0,1.0
MOUNDSVILLE,2022-12-24T00:00,,,,6.2,26.0,1.0
Youngstown State,2022-12-24T00:00,,,,6.8,28.0,1.0
Steubenville,2022-12-24T00:00,,,,7.4,31.0,1.0
Kitchener,2022-12-24T00:00,,,,4.7,20.0,1.0
Farrell,2022-12-24T00:00,,,,5.7,24.0,1.0
Florence,2022-12-24T00:00,,,,5.9,25.0,1.0
ROCKWELL,2022-12-24T00:00,,,,1.3,5.0,1.0
Clemmons Middle,2022-12-24T00:00,,,,3.8,16.0,1.0
Beaver Falls,2022-12-24T00:00,,,,6.7,28.0,1.0
Brantford,2022-12-24T00:00,,,,6.3,26.0,1.0
LWATTOWR,2022-12-24T00:00,,,,3.8,16.0,1.0
Chesterfield,2022-12-24T00:00,,,,1.7,7.0,1.0
Avalon,2022-12-24T00:00,,,,6.4,27.0,1.0
Parry Sound,2022-12-24T00:00,,,,0.0,0.0,1.0
Lawrenceville,2022-12-24T00:00,,,,6.4,27.0,1.0
North Charleston F.S.,2022-12-24T00:00,,,,3.8,16.0,1.0
Charleroi,2022-12-24T00:00,,,,7.1,30.0,1.0
Clairton,2022-12-24T00:00,,,,5.4,23.0,1.0
EAST VINTON ELEMENTARY SCHOOL,2022-12-24T00:00,,,,3.9,16.0,1.0
Liberty (SAHS),2022-12-24T00:00,,,,7.1,30.0,1.0
Parkway East (Near Road),2022-12-24T00:00,,,,6.0,25.0,1.0
Hamilton Downtown,2022-12-24T00:00,,,,1.9,8.0,1.0
North Braddock,2022-12-24T00:00,,,,6.0,25.0,1.0
Candor FRO,2022-12-24T00:00,,,,7.2,30.0,1.0
Williams Middle School,2022-12-24T00:00,,,,3.1,13.0,1.0
Barrie,2022-12-24T00:00,,,,3.7,15.0,1.0
Cape Romain,2022-12-24T00:00,,,,3.3,14.0,1.0
Kittanning,2022-12-24T00:00,,,,6.0,25.0,1.0
Toronto Downtown,2022-12-24T00:00,,,,2.7,11.0,1.0
St. Catharines,2022-12-24T00:00,,,,2.7,11.0,1.0
Dorset,2022-12-24T00:00,,,,2.8,12.0,1.0
Strongstown,2022-12-24T00:00,,,,5.8,24.0,1.0
Johnstown,2022-12-24T00:00,,,,5.2,22.0,1.0
Tonawanda II,2022-12-24T00:00,,,,9.2,38.0,1.0
Buffalo Near-road,2022-12-24T00:00,,,,6.4,27.0,1.0
Albemarle HS,2022-12-24T00:00,,,,3.9,16.0,1.0
JOHNSTON,2022-12-24T00:00,,,,4.0,17.0,1.0
Shenandoah NP,2022-12-24T00:00,,,,2.9,12.0,1.0
Altoona,2022-12-24T00:00,,,,5.8,24.0,1.0
Peterborough,2022-12-24T00:00,,,,3.7,15.0,1.0
State College,2022-12-24T00:00,,,,5.7,24.0,1.0
Hagerstown,2022-12-24T00:00,,,,5.0,21.0,1.0
Northampton,2022-12-24T00:00,,,,0.0,0.0,1.0
LEGGETT,2022-12-24T00:00,,,,0.0,0.0,1.0
Rochester Near-road,2022-12-24T00:00,,,,8.8,37.0,1.0
Richmond City Near Road,2022-12-24T00:00,,,,4.3,18.0,1.0
Belleville,2022-12-24T00:00,,,,3.6,15.0,1.0
PITTAGCT,2022-12-24T00:00,,,,0.1,0.0,1.0
Carlisle,2022-12-24T00:00,,,,4.9,20.0,1.0
Rockville,2022-12-24T00:00,,,,4.3,18.0,1.0
McMillan Reservoir,2022-12-24T00:00,,,,1.4,6.0,1.0
RIVER_Terrace,2022-12-24T00:00,,,,3.6,15.0,1.0
DCNearRoad,2022-12-24T00:00,,,,2.2,9.0,1.0
Harrisburg,2022-12-24T00:00,,,,5.3,22.0,1.0
Howard County Near Road,2022-12-24T00:00,,,,4.2,18.0,1.0
York,2022-12-24T00:00,,,,4.8,20.0,1.0
Padonia,2022-12-24T00:00,,,,7.3,30.0,1.0
Lake Montebello,2022-12-24T00:00,,,,4.4,18.0,1.0
Kingston,2022-12-24T00:00,,,,3.9,16.0,1.0
Edgewood,2022-12-24T00:00,,,,1.7,7.0,1.0
Lancaster,2022-12-24T00:00,,,,5.6,23.0,1.0
Horn Point,2022-12-24T00:00,,,,5.0,21.0,1.0
Lancaster DW,2022-12-24T00:00,,,,7.1,30.0,1.0
E Syracuse,2022-12-24T00:00,,,,4.8,20.0,1.0
Reading Airport,2022-12-24T00:00,,,,4.6,19.0,1.0
Fair Hill,2022-12-24T00:00,,,,3.9,16.0,1.0
Millington,2022-12-24T00:00,,,,8.2,34.0,1.0
New Garden,2022-12-24T00:00,,,,4.9,20.0,1.0
LUMS 2,2022-12-24T00:00,,,,4.9,20.0,1.0
Scranton,2022-12-24T00:00,,,,5.3,22.0,1.0
SEAFORD,2022-12-24T00:00,,,,4.9,20.0,1.0
Rte 9 Del. City,2022-12-24T00:00,,,,4.9,20.0,1.0
MLK,2022-12-24T00:00,,,,5.4,23.0,1.0
KILLENS,2022-12-24T00:00,,,,4.8,20.0,1.0
Dover,2022-12-24T00:00,,,,4.4,18.0,1.0
Allentown,2022-12-24T00:00,,,,5.2,22.0,1.0
Chester,2022-12-24T00:00,,,,17.0,61.0,2.0
Freemansburg,2022-12-24T00:00,,,,5.6,23.0,1.0
