datetime,parameter,concentration,AQI,AQI cat,station_name
2022-12-25T16:00,PM2.5,4.4,18,1,Kapolei
2022-12-25T16:00,PM10,10.0,9,1,Kapolei
2022-12-25T16:00,PM2.5,6.2,26,1,SAND ISLAND 2 - ANUENUE FISHERIES
2022-12-25T16:00,PM2.5,2.6,11,1,Honolulu
2022-12-25T16:00,PM10,8.0,7,1,Honolulu
2022-12-25T16:00,PM2.5,1.7,7,1,KAHULUI
2022-12-25T16:00,PM2.5,0.7,3,1,Kailua-Kona
2022-12-25T16:00,PM2.5,1.3,5,1,Kona
2022-12-25T16:00,PM2.5,1.2,5,1,Waikoloa-21
2022-12-25T16:00,PM2.5,1.5,6,1,Ocean View
2022-12-25T16:00,PM2.5,2.4,10,1,Naalehu
2022-12-25T16:00,PM2.5,3.2,13,1,Pahala
2022-12-25T16:00,PM2.5,8.7,36,1,Hilo
2022-12-25T16:00,PM2.5,6.3,26,1,Mountain View
2022-12-25T16:00,PM2.5,5.9,25,1,KS Hawaii
2022-12-25T16:00,PM10,3.0,3,1,Laurel
2022-12-25T16:00,PM10,4.0,4,1,Garden
2022-12-25T16:00,PM2.5,0.3,1,1,Garden
2022-12-25T16:00,PM10,10.0,9,1,Parkgate (Eagle River)
2022-12-25T16:00,PM2.5,9.8,41,1,Butte (Harrison Court)
2022-12-25T16:00,PM10,9.0,8,1,Butte (Harrison Court)
2022-12-25T16:00,PM2.5,9.0,38,1,NCore
2022-12-25T16:00,PM10,10.0,9,1,NCore
2022-12-25T16:00,PM2.5,4.4,18,1,A Street
2022-12-25T16:00,PM2.5,3.5,15,1,Hurst Road
2022-12-25T16:00,PM2.5,1.1,5,1,BLM-Kaktovik
2022-12-25T16:00,PM10,1.0,1,1,BLM-Kaktovik
2022-12-25T16:00,PM2.5,9.5,40,1,Floyd Dryden
2022-12-25T16:00,PM10,13.0,12,1,Floyd Dryden
2022-12-25T16:00,PM2.5,3.3,14,1,Kitimat Haul Road
2022-12-25T16:00,PM2.5,3.9,16,1,Kitimat Riverlodge
2022-12-25T16:00,PM10,2.0,2,1,Kitimat Riverlodge
2022-12-25T16:00,PM2.5,5.3,22,1,Kitimat Haisla Village
2022-12-25T16:00,PM2.5,4.7,20,1,KITIMAT WHITESAIL
2022-12-25T16:00,PM2.5,5.5,23,1,TERRACE SKEENA MIDDLE SCHOOL
2022-12-25T16:00,PM2.5,7.2,30,1,Smithers Muheim Memorial
2022-12-25T16:00,PM10,11.0,10,1,Smithers Muheim Memorial
2022-12-25T16:00,PM2.5,13.5,54,2,Burns Lake Fire Centre
2022-12-25T16:00,PM10,16.0,15,1,Burns Lake Fire Centre
2022-12-25T16:00,PM2.5,13.0,53,2,Courtenay Elementary School
2022-12-25T16:00,PM2.5,11.2,47,1,Port Alberni Elementary
2022-12-25T16:00,PM2.5,1.1,5,1,Cheeka Peak
2022-12-25T16:00,PM2.5,3.3,14,1,Neah Bay 2-Makah Tribe
2022-12-25T16:00,PM2.5,4.0,17,1,Powell River James T
2022-12-25T16:00,PM2.5,3.7,15,1,Coos Bay Marshfield HS
2022-12-25T16:00,PM2.5,7.6,32,1,Crescent City
2022-12-25T16:00,PM10,8.0,7,1,Jacobs
2022-12-25T16:00,PM2.5,4.2,18,1,Florence-Department of Forestry
2022-12-25T16:00,PM2.5,3.4,14,1,Nanaimo Labieux Road
2022-12-25T16:00,PM2.5,3.5,15,1,Toledo NE Hwy20 & NW A St
2022-12-25T16:00,PM2.5,2.5,10,1,Aberdeen-Division St
2022-12-25T16:00,PM2.5,1.9,8,1,Tillamook Jr High School
2022-12-25T16:00,PM10,8.0,7,1,Fort Bragg High School
2022-12-25T16:00,PM2.5,1.4,6,1,Raymond-4th St
2022-12-25T16:00,PM2.5,12.7,52,2,Duncan College Street
2022-12-25T16:00,PM2.5,15.5,58,2,MMCA82062
2022-12-25T16:00,PM2.5,7.1,30,1,Cave Junction Forest Service
2022-12-25T16:00,PM2.5,5.1,21,1,MMCA81046
2022-12-25T16:00,PM2.5,6.5,27,1,Colwood City Hall
2022-12-25T16:00,PM2.5,3.5,15,1,Langdale Elementary
2022-12-25T16:00,PM2.5,12.2,51,2,Port Angeles-E 5th St
2022-12-25T16:00,PM2.5,8.0,33,1,MMCA82001
2022-12-25T16:00,PM2.5,13.0,53,2,Roseburg Fire Dept
2022-12-25T16:00,PM2.5,1.4,6,1,Victoria Topaz
2022-12-25T16:00,PM2.5,13.4,54,2,Willits Blosser Lane
2022-12-25T16:00,PM2.5,12.0,50,1,Grants Pass - Parkside School
2022-12-25T16:00,PM2.5,5.2,22,1,Dallas LaCreole Middle School
2022-12-25T16:00,PM2.5,1.9,8,1,Corvallis EPA Office
2022-12-25T16:00,PM2.5,3.4,14,1,Horseshoe Bay
2022-12-25T16:00,PM2.5,0.0,0,1,Ukiah Library
2022-12-25T16:00,PM2.5,0.0,0,1,MMCA82067
2022-12-25T16:00,PM2.5,2.9,12,1,McMinnville High School
2022-12-25T16:00,PM2.5,3.5,15,1,Vancouver Airport
2022-12-25T16:00,PM10,6.0,6,1,Vancouver Airport
2022-12-25T16:00,PM2.5,2.3,10,1,SQUAMISH ELEMENTARY
2022-12-25T16:00,PM2.5,1.8,8,1,Eugene - Highway 99
2022-12-25T16:00,PM2.5,0.5,2,1,Eugene - Wilkes Dr.
2022-12-25T16:00,PM2.5,1.7,7,1,Richmond South
2022-12-25T16:00,PM2.5,5.4,23,1,Forest Grove Pacific University
2022-12-25T16:00,PM2.5,6.7,28,1,Shelton-W Franklin
2022-12-25T16:00,PM2.5,3.5,15,1,Albany - Calapooia School
2022-12-25T16:00,PM2.5,1.3,5,1,Eugene - Amazon Park
2022-12-25T16:00,PM2.5,4.7,20,1,Mahon Park
2022-12-25T16:00,PM2.5,3.1,13,1,Tsawwassen
2022-12-25T16:00,PM2.5,3.5,15,1,Cottage Grove City Shops
2022-12-25T16:00,PM2.5,4.7,20,1,Second Narrows
2022-12-25T16:00,PM2.5,0.9,4,1,Springfield City Hall
2022-12-25T16:00,PM10,7.0,6,1,Burnaby North
2022-12-25T16:00,PM2.5,7.7,32,1,Salem - State Hospital
2022-12-25T16:00,PM2.5,2.1,9,1,Burnaby South
2022-12-25T16:00,PM10,5.0,5,1,Burnaby South
2022-12-25T16:00,PM2.5,6.3,26,1,Salem Chemeketa Community College
2022-12-25T16:00,PM2.5,10.3,43,1,Hillsboro - Hare Field
2022-12-25T16:00,PM2.5,2.0,8,1,Kensington Park
2022-12-25T16:00,PM10,4.0,4,1,Kensington Park
2022-12-25T16:00,PM2.5,3.9,16,1,Chehalis-Market Blvd
2022-12-25T16:00,PM2.5,10.6,44,1,Longview-30th Ave
2022-12-25T16:00,PM2.5,2.5,10,1,Whistler Meadow Park
2022-12-25T16:00,PM2.5,6.0,25,1,Weaverville
2022-12-25T16:00,PM2.5,2.3,10,1,Turner - CJHS
2022-12-25T16:00,PM2.5,1.6,7,1,North Delta
2022-12-25T16:00,PM2.5,0.0,0,1,SISK1006
2022-12-25T16:00,PM2.5,15.6,58,2,Medford Welch & Jackson
2022-12-25T16:00,PM2.5,6.7,28,1,Woodburn Chemeketa Community College
2022-12-25T16:00,PM2.5,5.4,23,1,Lacey-College St
2022-12-25T16:00,PM2.5,13.5,54,2,Sebastopol
2022-12-25T16:00,PM2.5,7.6,32,1,Beaverton - Highland Park School
2022-12-25T16:00,PM2.5,9.2,38,1,Shady Cove - Shady Cove School
2022-12-25T16:00,PM2.5,7.3,30,1,Silverton
2022-12-25T16:00,PM2.5,4.9,20,1,Talent - Rapp Lane
2022-12-25T16:00,PM2.5,3.1,13,1,Port Townsend-San Juan
2022-12-25T16:00,PM2.5,7.7,32,1,Portland - Sauvie Island
2022-12-25T16:00,PM2.5,6.1,25,1,Portland Near Road
2022-12-25T16:00,PM2.5,1.3,5,1,PRG Plaza 400
2022-12-25T16:00,PM10,2.0,2,1,PRG Plaza 400
2022-12-25T16:00,PM2.5,10.2,43,1,Roosevelt High School
2022-12-25T16:00,PM2.5,10.9,45,1,Sweet Home - Fire Department
2022-12-25T16:00,PM2.5,0.1,0,1,Pitt Meadows
2022-12-25T16:00,PM2.5,3.9,16,1,Ashland Fire Dept
2022-12-25T16:00,PM2.5,3.2,13,1,Surrey East
2022-12-25T16:00,PM2.5,5.3,22,1,Portland Lincoln High School
2022-12-25T16:00,PM2.5,6.5,27,1,Portland Humboldt School
2022-12-25T16:00,PM2.5,2.3,10,1,Oak Harbor-SW 6th (US)
2022-12-25T16:00,PM2.5,7.4,31,1,Portland SE 12th and Salmon
2022-12-25T16:00,PM2.5,2.6,11,1,Bremerton-Spruce Ave
2022-12-25T16:00,PM2.5,2.8,12,1,Lyons
2022-12-25T16:00,PM2.5,0.7,3,1,Anacortes-202 Ave (SO-AQS)
2022-12-25T16:00,PM2.5,6.5,27,1,Portland - SE Lafayette
2022-12-25T16:00,PM2.5,7.3,30,1,Portland Lane Middle School
2022-12-25T16:00,PM2.5,3.1,13,1,Portland - Spangler Road
2022-12-25T16:00,PM2.5,5.6,23,1,Portland McDaniel High School
2022-12-25T16:00,PM2.5,6.0,25,1,Portland Cully Helensview School
2022-12-25T16:00,PM2.5,5.1,21,1,MMCA82015
2022-12-25T16:00,PM2.5,1.6,7,1,Langley
2022-12-25T16:00,PM10,4.0,4,1,Langley
2022-12-25T16:00,PM2.5,1.3,5,1,Anacortes-Bartholomew Rd (US)
2022-12-25T16:00,PM2.5,0.0,0,1,Custer-Loomis (SO-AQS)
2022-12-25T16:00,PM2.5,15.1,57,2,San Rafael
2022-12-25T16:00,PM2.5,13.0,53,2,Vancouver-Blairmont Dr (SO)
2022-12-25T16:00,PM2.5,1.9,8,1,Quesnel Johnston Avenue
2022-12-25T16:00,PM10,1.0,1,1,Quesnel Johnston Avenue
2022-12-25T16:00,PM2.5,10.3,43,1,Gresham Centennial HS
2022-12-25T16:00,PM2.5,12.5,52,2,Oakridge - Willamette Activity Center
2022-12-25T16:00,PM2.5,1.7,7,1,Mill City
2022-12-25T16:00,PM2.5,2.8,12,1,Tacoma-S 36th St
2022-12-25T16:00,PM2.5,2.3,10,1,Bellingham Pacific
2022-12-25T16:00,PM2.5,5.4,23,1,Tacoma-L St
2022-12-25T16:00,PM2.5,7.3,30,1,Yacolt-Yacolt Rd
2022-12-25T16:00,PM2.5,17.6,63,2,San Francisco
2022-12-25T16:00,PM2.5,4.3,18,1,Tacoma-Alexander Ave
2022-12-25T16:00,PM2.5,5.4,23,1,Redding
2022-12-25T16:00,PM2.5,24.3,77,2,San Pablo - Rumrill
2022-12-25T16:00,PM2.5,8.0,33,1,Seattle-Duwamish
2022-12-25T16:00,PM2.5,3.6,15,1,Mt Vernon-S 2nd St
2022-12-25T16:00,PM2.5,3.6,15,1,Estacada Clackamas River Elementary School
2022-12-25T16:00,PM2.5,14.1,55,2,Abbotsford Airport
2022-12-25T16:00,PM10,2.0,2,1,Abbotsford Airport
2022-12-25T16:00,PM2.5,8.1,34,1,Seattle-South Park
2022-12-25T16:00,PM2.5,3.4,14,1,Seattle-10th & Weller
2022-12-25T16:00,PM2.5,3.4,14,1,Abbotsford
2022-12-25T16:00,PM10,2.0,2,1,Abbotsford
2022-12-25T16:00,PM2.5,3.5,15,1,Seattle-Beacon Hill
2022-12-25T16:00,PM2.5,0.7,3,1,Tulalip-Totem Beach Rd
2022-12-25T16:00,PM2.5,22.2,72,2,Oakland West
2022-12-25T16:00,PM2.5,7.9,33,1,Tukwila_Allentown
2022-12-25T16:00,PM2.5,2.7,11,1,Lake Forest Park-Town Center
2022-12-25T16:00,PM2.5,22.8,74,2,Laney College
2022-12-25T16:00,PM2.5,5.3,22,1,Red Bluff - Walnut office
2022-12-25T16:00,PM2.5,7.3,30,1,Kent-James & Central
2022-12-25T16:00,PM2.5,4.4,18,1,Auburn 29th St
2022-12-25T16:00,PM2.5,6.2,26,1,Redwood City
2022-12-25T16:00,PM2.5,8.1,34,1,Willows-Colusa
2022-12-25T16:00,PM10,6.0,6,1,Willows-Colusa
2022-12-25T16:00,PM2.5,4.3,18,1,Marysville-7th Ave
2022-12-25T16:00,PM2.5,19.6,67,2,Oakland
2022-12-25T16:00,PM2.5,5.6,23,1,Williams Lake Columneetza School
2022-12-25T16:00,PM10,5.0,5,1,Williams Lake Columneetza School
2022-12-25T16:00,PM2.5,1.0,4,1,Bellevue-SE 12th
2022-12-25T16:00,PM2.5,32.0,93,2,Maple Falls-Azure Way
2022-12-25T16:00,PM2.5,13.6,54,2,SLV Middle School AMS
2022-12-25T16:00,PM2.5,14.3,56,2,Concord
2022-12-25T16:00,PM2.5,25.2,79,2,Colusa - Sunrise Blvd.
2022-12-25T16:00,PM10,24.0,22,1,Colusa - Sunrise Blvd.
2022-12-25T16:00,PM2.5,5.8,24,1,Santa Cruz AMS
2022-12-25T16:00,PM2.5,11.3,47,1,Vacaville
2022-12-25T16:00,PM2.5,1.2,5,1,Chilliwack
2022-12-25T16:00,PM10,3.0,3,1,Chilliwack
2022-12-25T16:00,PM2.5,0.8,3,1,Enumclaw Mud Mt (SO)
2022-12-25T16:00,PM2.5,3.6,15,1,Chiloquin
2022-12-25T16:00,PM2.5,13.2,53,2,Pleasanton - Owens Ct.
2022-12-25T16:00,PM2.5,42.3,118,3,San Jose - Jackson St.
2022-12-25T16:00,PM2.5,31.9,93,2,San Jose - Knox Ave
2022-12-25T16:00,PM2.5,21.5,71,2,Chico -  East
2022-12-25T16:00,PM10,28.0,26,1,Chico -  East
2022-12-25T16:00,PM2.5,12.6,52,2,Livermore - Rincon
2022-12-25T16:00,PM2.5,15.5,58,2,Davis - UCD Campus
2022-12-25T16:00,PM2.5,1.3,5,1,North Bend-North Bend Way (SO)
2022-12-25T16:00,PM2.5,3.2,13,1,Agassiz
2022-12-25T16:00,PM2.5,0.0,0,1,Carmel Valley AMS
2022-12-25T16:00,PM2.5,21.0,70,2,Woodland
2022-12-25T16:00,PM2.5,14.8,57,2,Klamath Falls - Peterson School
2022-12-25T16:00,PM2.5,18.0,63,2,Rio Vista
2022-12-25T16:00,PM2.5,21.8,71,2,Gridley
2022-12-25T16:00,PM2.5,4.7,20,1,Salinas AMS
2022-12-25T16:00,PM2.5,29.2,87,2,Yuba City
2022-12-25T16:00,PM10,34.0,31,1,Yuba City
2022-12-25T16:00,PM2.5,0.9,4,1,Paradise Theater
2022-12-25T16:00,PM2.5,10.6,44,1,Gilory - 9th Street
2022-12-25T16:00,PM2.5,2.1,9,1,Sisters Forest Service
2022-12-25T16:00,PM10,12.0,11,1,San Juan Bautista AMS
2022-12-25T16:00,PM2.5,16.4,60,2,Hood River West Side FD
2022-12-25T16:00,PM2.5,3.7,15,1,La Pine Rural Fire Dept
2022-12-25T16:00,PM2.5,16.6,60,2,Bercut Dr
2022-12-25T16:00,PM2.5,3.6,15,1,Hope
2022-12-25T16:00,PM10,4.0,4,1,Hope
2022-12-25T16:00,PM2.5,15.1,57,2,Downtown Sacramento - T Street
2022-12-25T16:00,PM10,14.0,13,1,Downtown Sacramento - T Street
2022-12-25T16:00,PM2.5,3.2,13,1,TracyAP
2022-12-25T16:00,PM10,8.0,7,1,TracyAP
2022-12-25T16:00,PM2.5,2.2,9,1,Sunriver Three Rivers School
2022-12-25T16:00,PM2.5,10.5,44,1,Elk Grove
2022-12-25T16:00,PM2.5,15.0,57,2,Arden Arcade - Del Paso Manor
2022-12-25T16:00,PM2.5,5.4,23,1,Hollister AMS
2022-12-25T16:00,PM10,6.0,6,1,Hollister AMS
2022-12-25T16:00,PM2.5,23.8,76,2,Lincoln
2022-12-25T16:00,PM2.5,1.7,7,1,Bend Pine Ridge Elementary School
2022-12-25T16:00,PM2.5,1.6,7,1,Bend - Pump Station
2022-12-25T16:00,PM2.5,2.4,10,1,Bend NE 8th & Emerson
2022-12-25T16:00,PM2.5,18.0,63,2,Stockton - University Park
2022-12-25T16:00,PM2.5,2.2,9,1,Bend Ponderosa Elementary School
2022-12-25T16:00,PM2.5,16.0,59,2,Roseville - N.Sunrise/Douglas
2022-12-25T16:00,PM10,19.0,18,1,Roseville - N.Sunrise/Douglas
2022-12-25T16:00,PM2.5,31.2,91,2,Chester BAM
2022-12-25T16:00,PM2.5,11.5,48,1,Manteca
2022-12-25T16:00,PM10,13.0,12,1,Manteca
2022-12-25T16:00,PM2.5,7.1,30,1,Sloughhouse
2022-12-25T16:00,PM2.5,11.2,47,1,The Dalles - Cherry Heights
2022-12-25T16:00,PM2.5,2.5,10,1,Redmond High School
2022-12-25T16:00,PM2.5,16.6,60,2,Folsom
2022-12-25T16:00,PM2.5,4.5,19,1,Madras - Westside School
2022-12-25T16:00,PM2.5,2.1,9,1,King City AMS
2022-12-25T16:00,PM10,2.0,2,1,King City AMS
2022-12-25T16:00,PM2.5,9.1,38,1,Auburn
2022-12-25T16:00,PM2.5,0.0,0,1,Grass Valley
2022-12-25T16:00,PM2.5,15.3,58,2,Modesto - 14th Street
2022-12-25T16:00,PM10,16.0,15,1,Modesto - 14th Street
2022-12-25T16:00,PM2.5,8.4,35,1,Cle Elum Mobile
2022-12-25T16:00,PM2.5,4.8,20,1,Colfax
2022-12-25T16:00,PM2.5,0.3,1,1,Quincy
2022-12-25T16:00,PM2.5,5.5,23,1,FORT ST JOHN LEARNING CENTRE
2022-12-25T16:00,PM10,8.0,7,1,FORT ST JOHN LEARNING CENTRE
2022-12-25T16:00,PM2.5,8.4,35,1,Prineville - Davidson Park
2022-12-25T16:00,PM2.5,9.9,41,1,Turlock - S. Minaret Street
2022-12-25T16:00,PM10,13.0,12,1,Turlock - S. Minaret Street
2022-12-25T16:00,PM2.5,12.4,52,2,San Andreas
2022-12-25T16:00,PM10,14.0,13,1,San Andreas
2022-12-25T16:00,PM2.5,8.4,35,1,Leavenworth-Evans St
2022-12-25T16:00,PM10,12.0,11,1,Paso Robles - Santa Fe Ave
2022-12-25T16:00,PM2.5,2.6,11,1,SLO Roberto
2022-12-25T16:00,PM10,6.0,6,1,SLO Roberto
2022-12-25T16:00,PM2.5,17.9,63,2,Peshastin Mobile
2022-12-25T16:00,PM2.5,4.4,18,1,Nipomo Mesa CDF
2022-12-25T16:00,PM10,7.0,6,1,Nipomo Mesa CDF
2022-12-25T16:00,PM2.5,4.2,18,1,Mesa 2 /Nipomo
2022-12-25T16:00,PM10,7.0,6,1,Mesa 2 /Nipomo
2022-12-25T16:00,PM2.5,17.9,63,2,Ellensburg-Ruby St
2022-12-25T16:00,PM2.5,0.0,0,1,MMCA82034
2022-12-25T16:00,PM2.5,19.2,66,2,Yakima-4th Ave
2022-12-25T16:00,PM10,21.0,19,1,Yakima-4th Ave
2022-12-25T16:00,PM10,3.0,3,1,Nipomo RP
2022-12-25T16:00,PM2.5,16.9,61,2,Merced-M St
2022-12-25T16:00,PM10,21.0,19,1,Merced-M St
2022-12-25T16:00,PM2.5,16.7,61,2,Cashmere Mobile
2022-12-25T16:00,PM2.5,18.9,65,2,Portola
2022-12-25T16:00,PM2.5,2.8,12,1,Lompoc H Street
2022-12-25T16:00,PM10,11.0,10,1,Lompoc H Street
2022-12-25T16:00,PM2.5,17.4,62,2,Merced - S. Coffee Ave
2022-12-25T16:00,PM2.5,7.2,30,1,Santa Maria
2022-12-25T16:00,PM10,8.0,7,1,Santa Maria
2022-12-25T16:00,PM2.5,7.1,30,1,Tranquillity
2022-12-25T16:00,PM2.5,15.5,58,2,Lakeview - Center & M
2022-12-25T16:00,PM2.5,9.0,38,1,Wenatchee-Fifth St
2022-12-25T16:00,PM2.5,4.8,20,1,Kamloops Federal Building
2022-12-25T16:00,PM2.5,11.5,48,1,Toppenish-Yakama Tribe
2022-12-25T16:00,PM2.5,14.8,57,2,Truckee BAM
2022-12-25T16:00,PM2.5,6.8,28,1,Tahoe City
2022-12-25T16:00,PM2.5,0.0,0,1,MMCA82019
2022-12-25T16:00,PM2.5,8.7,36,1,Twisp-Ewell St
2022-12-25T16:00,PM2.5,2.9,12,1,Huron
2022-12-25T16:00,PM2.5,1.4,6,1,Santa Ynez
2022-12-25T16:00,PM10,2.0,2,1,Las Flores Canyon
2022-12-25T16:00,PM2.5,17.0,61,2,Madera-City
2022-12-25T16:00,PM10,20.0,19,1,Madera-City
2022-12-25T16:00,PM2.5,3.7,15,1,Chelan-Woodin Ave
2022-12-25T16:00,PM2.5,17.8,63,2,Sunnyside-S 16th
2022-12-25T16:00,PM10,5.0,5,1,South Lake Tahoe - Sandy Way
2022-12-25T16:00,PM2.5,6.7,28,1,Quincy 3rd
2022-12-25T16:00,PM10,4.0,4,1,Goleta
2022-12-25T16:00,PM2.5,0.0,0,1,Goleta
2022-12-25T16:00,PM2.5,14.5,56,2,Reno4
2022-12-25T16:00,PM10,21.0,19,1,Reno4
2022-12-25T16:00,PM2.5,7.2,30,1,Brewster Mobile
2022-12-25T16:00,PM2.5,14.6,56,2,Fresno-Foundry Park
2022-12-25T16:00,PM2.5,14.1,55,2,Fresno - Garland
2022-12-25T16:00,PM10,14.0,13,1,Fresno - Garland
2022-12-25T16:00,PM2.5,14.0,55,2,CC_Armory
2022-12-25T16:00,PM10,15.0,14,1,Santa Rosa Rancheria
2022-12-25T16:00,PM2.5,8.1,34,1,Prosser-Highland Dr
2022-12-25T16:00,PM2.5,30.5,90,2,Sparks
2022-12-25T16:00,PM10,40.0,37,1,Sparks
2022-12-25T16:00,PM10,15.0,14,1,Fresno - Drummond Street
2022-12-25T16:00,PM2.5,7.8,33,1,Toll
2022-12-25T16:00,PM10,11.0,10,1,Toll
2022-12-25T16:00,PM2.5,10.9,45,1,Fresno-Pacific
2022-12-25T16:00,PM2.5,7.7,32,1,Ranchos
2022-12-25T16:00,PM2.5,15.8,59,2,Spanish Springs
2022-12-25T16:00,PM2.5,11.7,49,1,Clovis - N. Villa Ave
2022-12-25T16:00,PM10,13.0,12,1,Clovis - N. Villa Ave
2022-12-25T16:00,PM2.5,4.1,17,1,Santa Barbara
2022-12-25T16:00,PM10,4.0,4,1,Santa Barbara
2022-12-25T16:00,PM2.5,10.2,43,1,Hanford - S. Irwin Street
2022-12-25T16:00,PM10,12.0,11,1,Hanford - S. Irwin Street
2022-12-25T16:00,PM2.5,24.5,77,2,Omak-Colville Tribe
2022-12-25T16:00,PM2.5,5.4,23,1,Kelowna KLO Road
2022-12-25T16:00,PM10,5.0,5,1,Kelowna KLO Road
2022-12-25T16:00,PM2.5,6.8,28,1,Beaverlodge
2022-12-25T16:00,PM2.5,15.8,59,2,Visalia - W Ashland Avenue
2022-12-25T16:00,PM10,14.0,13,1,Wadsworth-NV
2022-12-25T16:00,PM2.5,10.4,43,1,Moses Lake-Balsam St
2022-12-25T16:00,PM2.5,6.5,27,1,Vernon Science Centre
2022-12-25T16:00,PM10,7.0,6,1,Vernon Science Centre
2022-12-25T16:00,PM2.5,1.8,8,1,Valemount
2022-12-25T16:00,PM2.5,10.4,43,1,Hermiston - Municipal Airport
2022-12-25T16:00,PM2.5,4.8,20,1,Kennewick-S Clodfelter Rd (SOS)
2022-12-25T16:00,PM2.5,1.7,7,1,Ojai - Ojai Ave.
2022-12-25T16:00,PM2.5,6.3,26,1,Kennewick-Metaline
2022-12-25T16:00,PM10,5.0,5,1,Kennewick-Metaline
2022-12-25T16:00,PM10,3.0,3,1,El Rio - Rio Mesa School #2
2022-12-25T16:00,PM2.5,0.0,0,1,El Rio - Rio Mesa School #2
2022-12-25T16:00,PM2.5,2.4,10,1,Lee Vining
2022-12-25T16:00,PM10,3.0,3,1,Lee Vining
2022-12-25T16:00,PM2.5,22.3,72,2,Bakersfield - California Ave
2022-12-25T16:00,PM2.5,14.1,55,2,Porterville-NFS
2022-12-25T16:00,PM2.5,13.4,54,2,Burns - Washington St.
2022-12-25T16:00,PM2.5,0.0,0,1,Pinehurst
2022-12-25T16:00,PM10,27.0,25,1,Oildale - 3311 Manor Street
2022-12-25T16:00,PM2.5,32.6,94,2,Bakersfield - Golden State Highway
2022-12-25T16:00,PM10,32.0,30,1,Bakersfield - Golden State Highway
2022-12-25T16:00,PM2.5,7.0,29,1,Burbank-Maple Street
2022-12-25T16:00,PM10,12.0,11,1,Burbank-Maple Street
2022-12-25T16:00,PM2.5,9.5,40,1,Mesa-Pepoit Way (temp SO)
2022-12-25T16:00,PM10,18.0,17,1,Mammoth Lakes
2022-12-25T16:00,PM2.5,4.0,17,1,PM2.5 Mammoth Lakes EBAM
2022-12-25T16:00,PM2.5,7.0,29,1,John Day Dayton St
2022-12-25T16:00,PM2.5,5.0,21,1,Thousand Oaks - Moorpark Road
2022-12-25T16:00,PM2.5,1.0,4,1,Lebec
2022-12-25T16:00,PM2.5,0.7,3,1,Sequoia and Kings Canyon - Ash Mountain
2022-12-25T16:00,PM2.5,10.1,42,1,Pendleton - McKay Creek
2022-12-25T16:00,PM2.5,15.4,58,2,Springville
2022-12-25T16:00,PM2.5,0.8,3,1,Piru - Pacific
2022-12-25T16:00,PM2.5,7.4,31,1,Grande Prairie - Henry Pirker
2022-12-25T16:00,PM2.5,1.4,6,1,Simi Valley - Cochran Street
2022-12-25T16:00,PM10,2.0,2,1,Simi Valley - Cochran Street
2022-12-25T16:00,PM2.5,20.3,68,2,Reseda
2022-12-25T16:00,PM2.5,6.4,27,1,Santa Clarita
2022-12-25T16:00,PM2.5,26.3,81,2,Bishop Paiute Tribe-CA
2022-12-25T16:00,PM10,14.0,13,1,Bishop Paiute Tribe-CA
2022-12-25T16:00,PM2.5,9.0,38,1,Ritzville-Alder St 
2022-12-25T16:00,PM2.5,13.8,55,2,North Holywood
2022-12-25T16:00,PM2.5,8.7,36,1,Walla Walla-12th St
2022-12-25T16:00,PM2.5,1.3,5,1,NCORE - Bishop
2022-12-25T16:00,PM10,2.0,2,1,NCORE - Bishop
2022-12-25T16:00,PM2.5,7.3,30,1,Los Angeles - N. Main Street
2022-12-25T16:00,PM10,13.0,12,1,Los Angeles - N. Main Street
2022-12-25T16:00,PM2.5,30.6,90,2,Compton
2022-12-25T16:00,PM2.5,32.7,94,2,Long Beach Signal Hill
2022-12-25T16:00,PM10,38.0,35,1,Long Beach Signal Hill
2022-12-25T16:00,PM10,6.0,6,1,Mojave - CA 58 Business
2022-12-25T16:00,PM2.5,0.5,2,1,Mojave - CA 58 Business
2022-12-25T16:00,PM2.5,8.9,37,1,La Grande Hall & N Sts
2022-12-25T16:00,PM10,11.0,10,1,Lone Pine
2022-12-25T16:00,PM2.5,7.1,30,1,Lone Pine Paiute/Shoshone Tribe-CA
2022-12-25T16:00,PM10,6.0,6,1,Olancha
2022-12-25T16:00,PM10,7.0,6,1,Bill Stanley
2022-12-25T16:00,PM10,5.0,5,1,North Beach
2022-12-25T16:00,PM2.5,4.8,20,1,Wellpinit-Spokane Tribe
2022-12-25T16:00,PM2.5,7.9,33,1,Dayton-W Main
2022-12-25T16:00,PM10,6.0,6,1,Dirty Socks
2022-12-25T16:00,PM10,5.0,5,1,Coso Junction
2022-12-25T16:00,PM10,5.0,5,1,Lizard Tail
2022-12-25T16:00,PM2.5,9.8,41,1,Anaheim
2022-12-25T16:00,PM10,18.0,17,1,Anaheim
2022-12-25T16:00,PM2.5,16.6,60,2,Colville-E 1st St
2022-12-25T16:00,PM10,14.0,13,1,Colville-E 1st St
2022-12-25T16:00,PM10,5.0,5,1,Shell Cut
2022-12-25T16:00,PM2.5,2.7,11,1,Keeler
2022-12-25T16:00,PM10,9.0,8,1,Keeler
2022-12-25T16:00,PM10,4.0,4,1,Mill Site
2022-12-25T16:00,PM10,3.0,3,1,Glendora - Laurel
2022-12-25T16:00,PM2.5,0.3,1,1,Glendora - Laurel
2022-12-25T16:00,PM2.5,10.4,43,1,Baker City - Forest Service
2022-12-25T16:00,PM2.5,5.5,23,1,Cove - City Hall
2022-12-25T16:00,PM2.5,31.9,93,2,Castlegar Zinio Park
2022-12-25T16:00,PM10,21.0,19,1,Castlegar Zinio Park
2022-12-25T16:00,PM10,8.0,7,1,Upland
2022-12-25T16:00,PM2.5,0.4,2,1,Upland
2022-12-25T16:00,PM2.5,6.1,25,1,Pomeroy-Pataha St
2022-12-25T16:00,PM2.5,8.5,35,1,Airway Heights-West 12th (US)
2022-12-25T16:00,PM2.5,4.4,18,1,Cheney-Turnbull (SO)
2022-12-25T16:00,PM10,6.0,6,1,Cheney-Turnbull (SO)
2022-12-25T16:00,PM2.5,28.4,85,2,Mira Loma - Van Buren
2022-12-25T16:00,PM10,47.0,44,1,Mira Loma - Van Buren
2022-12-25T16:00,PM2.5,9.8,41,1,Spokane-Monroe St.
2022-12-25T16:00,PM2.5,10.7,45,1,Riverside - Rubidoux
2022-12-25T16:00,PM10,24.0,22,1,Riverside - Rubidoux
2022-12-25T16:00,PM2.5,4.0,17,1,Camp Pendleton
2022-12-25T16:00,PM10,10.0,9,1,Trona - Athol and Telegraph
2022-12-25T16:00,PM2.5,3.1,13,1,Rosalia-Josephine St
2022-12-25T16:00,PM2.5,12.5,52,2,Spokane-Augusta Ave
2022-12-25T16:00,PM10,12.0,11,1,Spokane-Augusta Ave
2022-12-25T16:00,PM2.5,13.0,53,2,Colbert-Greenbluff
2022-12-25T16:00,PM2.5,1.6,7,1,Lake Elsinore - W. Flint Street
2022-12-25T16:00,PM10,5.0,5,1,Lake Elsinore - W. Flint Street
2022-12-25T16:00,PM2.5,23.4,75,2,Victorville - Park Avenue
2022-12-25T16:00,PM10,30.0,28,1,Victorville - Park Avenue
2022-12-25T16:00,PM2.5,8.2,34,1,Hinton
2022-12-25T16:00,PM2.5,5.5,23,1,Enterprise - US Forest Service
2022-12-25T16:00,PM10,12.0,11,1,Hesperia - Olive Street
2022-12-25T16:00,PM2.5,10.8,45,1,Spokane-Greenbluff Rd (SOS)
2022-12-25T16:00,PM2.5,12.9,53,2,Spokane-E Broadway Ave
2022-12-25T16:00,PM10,17.0,16,1,Spokane-E Broadway Ave
2022-12-25T16:00,PM2.5,2.6,11,1,Pullman-Dexter Ave
2022-12-25T16:00,PM2.5,8.9,37,1,San Diego - Sherman Elementary School
2022-12-25T16:00,PM2.5,0.5,2,1,Steeper
2022-12-25T16:00,PM2.5,2.1,9,1,Temecula (Lake Skinner)
2022-12-25T16:00,PM2.5,6.3,26,1,Clarkston-13th St
2022-12-25T16:00,PM2.5,15.0,57,2,Newport-Calispel
2022-12-25T16:00,PM10,23.0,21,1,Barstow
2022-12-25T16:00,PM2.5,9.6,40,1,Lewiston
2022-12-25T16:00,PM2.5,8.4,35,1,Ontario May Roberts Elementary School
2022-12-25T16:00,PM2.5,46.0,127,3,Golden Helipad
2022-12-25T16:00,PM10,43.0,40,1,Golden Helipad
2022-12-25T16:00,PM2.5,2.2,9,1,Moscow
2022-12-25T16:00,PM2.5,31.8,92,2,El Cajon - Lexington Elementary School
2022-12-25T16:00,PM2.5,5.5,23,1,Otay Mesa - Donovan
2022-12-25T16:00,PM10,9.0,8,1,Lucerne Valley
2022-12-25T16:00,PM2.5,1.6,7,1,Plummer CDA Tribe
2022-12-25T16:00,PM2.5,30.3,89,2,Big Bear
2022-12-25T16:00,PM2.5,7.5,31,1,Banning - South Hathaway Street
2022-12-25T16:00,PM2.5,10.2,43,1,Nursery Rd.
2022-12-25T16:00,PM2.5,1.0,4,1,Alpine
2022-12-25T16:00,PM2.5,12.3,51,2,St. Maries
2022-12-25T16:00,PM2.5,20.0,68,2,Nampa Fire Station
2022-12-25T16:00,PM10,24.0,22,1,Nampa Fire Station
2022-12-25T16:00,PM2.5,5.2,22,1,Sandpoint U of I
2022-12-25T16:00,PM10,7.0,6,1,Sandpoint U of I
2022-12-25T16:00,PM10,3.0,3,1,Palm Springs - Fire Station
2022-12-25T16:00,PM2.5,10.3,43,1,Edson
2022-12-25T16:00,PM2.5,3.8,16,1,Boundary County
2022-12-25T16:00,PM2.5,22.7,73,2,St. Lukes Meridian
2022-12-25T16:00,PM2.5,21.5,71,2,Garden City
2022-12-25T16:00,PM10,28.0,26,1,Garden City
2022-12-25T16:00,PM2.5,31.9,93,2,Pinehurst
2022-12-25T16:00,PM10,26.0,24,1,Pinehurst
2022-12-25T16:00,PM2.5,5.6,23,1,Indio-29 Palms
2022-12-25T16:00,PM10,17.0,16,1,Indio-29 Palms
2022-12-25T16:00,PM10,14.0,13,1,Torres Martinez Administration
2022-12-25T16:00,PM2.5,2.8,12,1,Grangeville
2022-12-25T16:00,PM2.5,2.5,10,1,McCall
2022-12-25T16:00,PM10,23.0,21,1,Saul Martinez
2022-12-25T16:00,PM2.5,17.3,62,2,Kamiah
2022-12-25T16:00,PM2.5,8.0,33,1,Salton Sea Beach
2022-12-25T16:00,PM10,14.0,13,1,Salton Sea Beach
2022-12-25T16:00,PM10,12.0,11,1,Glen Oaks
2022-12-25T16:00,PM10,14.0,13,1,Church
2022-12-25T16:00,PM2.5,4.3,18,1,Garden Valley
2022-12-25T16:00,PM2.5,12.8,52,2,Idaho City
2022-12-25T16:00,PM10,6.0,6,1,Elko
2022-12-25T16:00,PM2.5,6.3,26,1,Cranbrook Muriel Baxter
2022-12-25T16:00,PM10,10.0,9,1,Westmorland - 570 Cook St
2022-12-25T16:00,PM10,18.0,17,1,El Centro - 9th Street
2022-12-25T16:00,PM2.5,21.5,71,2,Libby Courthouse
2022-12-25T16:00,PM10,18.0,17,1,Libby Courthouse
2022-12-25T16:00,PM10,15.0,14,1,Niland - English Road
2022-12-25T16:00,PM10,17.0,16,1,Brawley - 220 Main Street
2022-12-25T16:00,PM2.5,2.1,9,1,Brawley - 220 Main Street
2022-12-25T16:00,PM10,71.0,59,2,Calexico - Ethel Street
2022-12-25T16:00,PM2.5,1.0,4,1,Jean
2022-12-25T16:00,PM10,3.0,3,1,Jean
2022-12-25T16:00,PM2.5,2.2,9,1,Palo Verde
2022-12-25T16:00,PM10,6.0,6,1,Palo Verde
2022-12-25T16:00,PM2.5,9.9,41,1,Thompson Falls HS
2022-12-25T16:00,PM10,19.0,18,1,Thompson Falls HS
2022-12-25T16:00,PM2.5,1.5,6,1,Mountains Edge
2022-12-25T16:00,PM10,4.0,4,1,Mountains Edge
2022-12-25T16:00,PM2.5,3.7,15,1,Walter Johnson
2022-12-25T16:00,PM10,9.0,8,1,Walter Johnson
2022-12-25T16:00,PM2.5,4.6,19,1,Paul Meyer
2022-12-25T16:00,PM10,10.0,9,1,Paul Meyer
2022-12-25T16:00,PM10,7.0,6,1,Joe Neal
2022-12-25T16:00,PM2.5,1.5,6,1,Joe Neal
2022-12-25T16:00,PM2.5,5.9,25,1,RT
2022-12-25T16:00,PM2.5,2.4,10,1,Liberty High School
2022-12-25T16:00,PM10,8.0,7,1,Liberty High School
2022-12-25T16:00,PM2.5,65.2,156,4,Sunrise Acres
2022-12-25T16:00,PM10,89.0,68,2,Sunrise Acres
2022-12-25T16:00,PM2.5,14.8,57,2,Walnut Rec.
2022-12-25T16:00,PM10,27.0,25,1,Walnut Rec.
2022-12-25T16:00,PM2.5,78.6,163,4,Jerome Mack
2022-12-25T16:00,PM10,104.0,75,2,Jerome Mack
2022-12-25T16:00,PM2.5,4.0,17,1,GreenValley
2022-12-25T16:00,PM10,9.0,8,1,GreenValley
2022-12-25T16:00,PM10,1.0,1,1,Elkford Rocky Mountain Elementary School
2022-12-25T16:00,PM2.5,0.0,0,1,Elkford Rocky Mountain Elementary School
2022-12-25T16:00,PM2.5,1.0,4,1,Sparwood Centennial Square
2022-12-25T16:00,PM10,3.0,3,1,Sparwood Centennial Square
2022-12-25T16:00,PM2.5,5.4,23,1,Garrett Jr. High
2022-12-25T16:00,PM10,11.0,10,1,Garrett Jr. High
2022-12-25T16:00,PM2.5,0.0,0,1,Caroline
2022-12-25T16:00,PM10,25.0,23,1,Yuma Supersite
2022-12-25T16:00,PM2.5,2.6,11,1,Yuma Supersite
2022-12-25T16:00,PM10,5.0,5,1,Bullhead City
2022-12-25T16:00,PM2.5,10.6,44,1,Twin Falls PM25
2022-12-25T16:00,PM2.5,6.3,26,1,Powers
2022-12-25T16:00,PM2.5,9.0,38,1,Ketchum
2022-12-25T16:00,PM10,16.0,15,1,Kalispell Flathead Electric
2022-12-25T16:00,PM2.5,22.7,73,2,French Town - Beckwith
2022-12-25T16:00,PM2.5,4.5,19,1,Genesee
2022-12-25T16:00,PM2.5,16.9,61,2,Columbia Falls
2022-12-25T16:00,PM10,16.0,15,1,Columbia Falls
2022-12-25T16:00,PM2.5,1.3,5,1,Hamilton PS 46
2022-12-25T16:00,PM2.5,0.4,2,1,Calgary Northwest
2022-12-25T16:00,PM2.5,16.6,60,2,Unit139
2022-12-25T16:00,PM2.5,8.4,35,1,Calgary Central2
2022-12-25T16:00,PM2.5,2.6,11,1,Virgin Valley
2022-12-25T16:00,PM10,8.0,7,1,Virgin Valley
2022-12-25T16:00,PM2.5,5.9,25,1,Airdrie
2022-12-25T16:00,PM2.5,19.3,66,2,Missoula Boyd Park
2022-12-25T16:00,PM10,20.0,19,1,Missoula Boyd Park
2022-12-25T16:00,PM2.5,11.0,46,1,CALGARY SOUTHEAST
2022-12-25T16:00,PM2.5,21.5,71,2,Salmon PM2.5
2022-12-25T16:00,PM2.5,8.1,34,1,RED DEER RIVERSIDE DRIVE
2022-12-25T16:00,PM2.5,10.7,45,1,RED DEER - LANCASTER
2022-12-25T16:00,PM2.5,7.1,30,1,St Albert
2022-12-25T16:00,PM2.5,8.8,37,1,Edmonton Woodcroft
2022-12-25T16:00,PM10,5.0,5,1,Alamo Lake
2022-12-25T16:00,PM2.5,0.7,3,1,Alamo Lake
2022-12-25T16:00,PM2.5,12.4,52,2,Edmonton Central East
2022-12-25T16:00,PM2.5,3.0,13,1,Seeley Elementary School
2022-12-25T16:00,PM2.5,7.6,32,1,Edmonton East
2022-12-25T16:00,PM2.5,9.1,38,1,AJ Ottewell Community Centre
2022-12-25T16:00,PM2.5,1.7,7,1,Hurricane
2022-12-25T16:00,PM2.5,5.5,23,1,Fort Saskatchewan
2022-12-25T16:00,PM2.5,5.6,23,1,Ardrossan
2022-12-25T16:00,PM2.5,4.6,19,1,Enoch
2022-12-25T16:00,PM2.5,5.4,23,1,Bruderheim
2022-12-25T16:00,PM2.5,4.3,18,1,Elk Island
2022-12-25T16:00,PM10,8.0,7,1,Ajo
2022-12-25T16:00,PM2.5,2.3,10,1,Lethbridge
2022-12-25T16:00,PM2.5,0.0,0,1,Dillon
2022-12-25T16:00,PM10,28.0,26,1,Buckeye
2022-12-25T16:00,PM10,3.0,3,1,Butte Greely School
2022-12-25T16:00,PM2.5,0.6,3,1,Butte Greely School
2022-12-25T16:00,PM2.5,11.6,48,1,Pocatello Garrett and Gould
2022-12-25T16:00,PM10,12.0,11,1,Pocatello Garrett and Gould
2022-12-25T16:00,PM10,95.0,71,2,Shoshone Bannock Tribes
2022-12-25T16:00,PM2.5,0.0,0,1,Cut Bank
2022-12-25T16:00,PM2.5,12.7,52,2,Erda
2022-12-25T16:00,PM10,9.0,8,1,Dysart
2022-12-25T16:00,PM10,8.0,7,1,Zuni Hills
2022-12-25T16:00,PM2.5,15.8,59,2,Glendale Community College
2022-12-25T16:00,PM10,18.0,17,1,Glendale Community College
2022-12-25T16:00,PM10,103.0,75,2,West 43rd
2022-12-25T16:00,PM2.5,141.6,195,4,West Phoenix
2022-12-25T16:00,PM10,156.0,101,3,West Phoenix
2022-12-25T16:00,PM2.5,146.6,198,4,Durango Complex
2022-12-25T16:00,PM10,162.0,104,3,Durango Complex
2022-12-25T16:00,PM2.5,49.8,136,3,Phoenix JLG Supersite
2022-12-25T16:00,PM10,61.0,54,2,Phoenix JLG Supersite
2022-12-25T16:00,PM2.5,67.7,157,4,South Phoenix
2022-12-25T16:00,PM10,74.0,60,2,South Phoenix
2022-12-25T16:00,PM2.5,10.4,43,1,North Phoenix
2022-12-25T16:00,PM10,12.0,11,1,North Phoenix
2022-12-25T16:00,PM10,20.0,19,1,Maricopa
2022-12-25T16:00,PM10,40.0,37,1,Central Phoenix
2022-12-25T16:00,PM2.5,6.3,26,1,Hidden Valley
2022-12-25T16:00,PM10,14.0,13,1,Hidden Valley
2022-12-25T16:00,PM2.5,25.8,80,2,Herriman #3
2022-12-25T16:00,PM10,18.0,17,1,Herriman #3
2022-12-25T16:00,PM2.5,0.0,0,1,Rossiter Pump House
2022-12-25T16:00,PM2.5,26.5,81,2,Eastwood
2022-12-25T16:00,PM2.5,31.2,91,2,Harrisville
2022-12-25T16:00,PM10,35.0,32,1,Harrisville
2022-12-25T16:00,PM2.5,1.2,5,1,NCORE
2022-12-25T16:00,PM10,22.0,20,1,Stanfield
2022-12-25T16:00,PM2.5,40.6,114,3,Utah Tech. Center
2022-12-25T16:00,PM2.5,6.3,26,1,Tempe
2022-12-25T16:00,PM10,7.0,6,1,Tempe
2022-12-25T16:00,PM2.5,42.3,118,3,Rose Park
2022-12-25T16:00,PM10,3.0,3,1,South Scottsdale
2022-12-25T16:00,PM2.5,48.5,133,3,NR
2022-12-25T16:00,PM2.5,45.8,126,3,Copper View
2022-12-25T16:00,PM2.5,39.3,110,3,BV
2022-12-25T16:00,PM10,28.0,26,1,West Chandler Fire Station
2022-12-25T16:00,PM2.5,50.4,138,3,Hawthorne
2022-12-25T16:00,PM10,49.0,45,1,Hawthorne
2022-12-25T16:00,PM2.5,1.3,5,1,Mesa - Brooks Reservoir
2022-12-25T16:00,PM10,1.0,1,1,Mesa - Brooks Reservoir
2022-12-25T16:00,PM2.5,36.6,104,3,Preston PM25 BAM
2022-12-25T16:00,PM10,3.0,3,1,Senior Center
2022-12-25T16:00,PM2.5,42.2,117,3,Smithfield
2022-12-25T16:00,PM10,4.0,4,1,High School
2022-12-25T16:00,PM10,4.0,4,1,LEHI
2022-12-25T16:00,PM2.5,12.2,51,2,Casa Grande Downtown
2022-12-25T16:00,PM10,19.0,18,1,Casa Grande Downtown
2022-12-25T16:00,PM10,23.0,21,1,Higley
2022-12-25T16:00,PM2.5,30.5,90,2,Lindon
2022-12-25T16:00,PM10,34.0,31,1,Lindon
2022-12-25T16:00,PM10,9.0,8,1,Ft McD Yuma Frank-AZ
2022-12-25T16:00,PM2.5,36.4,103,3,Spanish Fork
2022-12-25T16:00,PM2.5,3.9,16,1,Syncrude UE1
2022-12-25T16:00,PM2.5,4.1,17,1,Fort McKay
2022-12-25T16:00,PM2.5,3.6,15,1,Fort MacKay West
2022-12-25T16:00,PM10,19.0,18,1,Pinal County Housing
2022-12-25T16:00,PM10,12.0,11,1,COMBS
2022-12-25T16:00,PM10,22.0,20,1,Eloy
2022-12-25T16:00,PM2.5,1.0,4,1,St. Lina
2022-12-25T16:00,PM2.5,4.7,20,1,Patricia McInnes
2022-12-25T16:00,PM2.5,4.3,18,1,Athabasca Valley
2022-12-25T16:00,PM10,22.0,20,1,Payson Well Site
2022-12-25T16:00,PM10,24.0,22,1,Pinal Air Park
2022-12-25T16:00,PM2.5,3.7,15,1,Great Falls Overlook Park
2022-12-25T16:00,PM2.5,1.6,7,1,Fort Chipewyan
2022-12-25T16:00,PM2.5,2.0,8,1,Conklin West
2022-12-25T16:00,PM10,18.0,17,1,Rillito
2022-12-25T16:00,PM2.5,12.5,52,2,Coachline
2022-12-25T16:00,PM2.5,0.0,0,1,West Yellowstone Park Ent #2
2022-12-25T16:00,PM2.5,1.9,8,1,Conklin East
2022-12-25T16:00,PM2.5,4.4,18,1,Bozeman High School
2022-12-25T16:00,PM2.5,6.2,26,1,Anzac
2022-12-25T16:00,PM2.5,20.8,69,2,Orange Grove
2022-12-25T16:00,PM10,33.0,31,1,Orange Grove
2022-12-25T16:00,PM2.5,2.8,12,1,Green Valley
2022-12-25T16:00,PM10,8.0,7,1,Green Valley
2022-12-25T16:00,PM2.5,11.7,49,1,Children's Park Site
2022-12-25T16:00,PM2.5,18.5,64,2,Rose Elementary
2022-12-25T16:00,PM10,43.0,40,1,South Tucson
2022-12-25T16:00,PM2.5,15.8,59,2,Geronimo
2022-12-25T16:00,PM10,32.0,30,1,Geronimo
2022-12-25T16:00,PM2.5,22.4,73,2,Nogales ITN
2022-12-25T16:00,PM10,41.0,38,1,Nogales ITN
2022-12-25T16:00,PM2.5,64.0,155,4,Nogales Post Office
2022-12-25T16:00,PM10,82.0,64,2,Nogales Post Office
2022-12-25T16:00,PM2.5,4.4,18,1,Yellowstone- Old Faithful Snow Lodge
2022-12-25T16:00,PM10,22.0,20,1,Miami Golf Course
2022-12-25T16:00,PM10,10.0,9,1,Corona de Tucson
2022-12-25T16:00,PM10,5.0,5,1,Hayden
2022-12-25T16:00,PM2.5,1.9,8,1,Janvier
2022-12-25T16:00,PM2.5,8.7,36,1,Medicine Hat - Crescent Hts
2022-12-25T16:00,PM2.5,2.6,11,1,Cold Lake South
2022-12-25T16:00,PM2.5,26.0,80,2,Roosevelt
2022-12-25T16:00,PM2.5,13.3,54,2,Vernal #4
2022-12-25T16:00,PM10,14.0,13,1,Douglas Red Cross
2022-12-25T16:00,PM2.5,6.0,25,1,Lewistown
2022-12-25T16:00,PM10,0.0,0,1,Lewistown
2022-12-25T16:00,PM2.5,7.0,29,1,"Rangely, CO"
2022-12-25T16:00,PM2.5,10.6,44,1,Grand Junction - Powell Building
2022-12-25T16:00,PM10,2.0,2,1,Substation
2022-12-25T16:00,PM2.5,0.2,1,1,Billlings Lockwood
2022-12-25T16:00,PM2.5,3.5,15,1,Ute 3
2022-12-25T16:00,PM10,6.0,6,1,Ute 3
2022-12-25T16:00,PM2.5,3.2,13,1,Malta
2022-12-25T16:00,PM10,3.0,3,1,Malta
2022-12-25T16:00,PM10,9.0,8,1,7E Deming Airport
2022-12-25T16:00,PM2.5,2.8,12,1,Ute 1
2022-12-25T16:00,PM10,5.0,5,1,Ute 1
2022-12-25T16:00,PM2.5,1.4,6,1,Yellow Brick Building
2022-12-25T16:00,PM2.5,10.6,44,1,Las Cruces ED
2022-12-25T16:00,PM2.5,4.2,18,1,Santa Teresa
2022-12-25T16:00,PM10,14.0,13,1,Holman Rd
2022-12-25T16:00,PM10,39.0,36,1,South Valley
2022-12-25T16:00,PM2.5,11.1,46,1,Jefferson
2022-12-25T16:00,PM10,22.0,20,1,Jefferson
2022-12-25T16:00,PM2.5,11.3,47,1,North Valley
2022-12-25T16:00,PM10,25.0,23,1,North Valley
2022-12-25T16:00,PM2.5,17.9,63,2,Anthony
2022-12-25T16:00,PM10,45.0,42,1,Anthony
2022-12-25T16:00,PM10,19.0,18,1,Del Norte
2022-12-25T16:00,PM10,56.0,51,2,Desert View
2022-12-25T16:00,PM10,13.0,12,1,West Mesa
2022-12-25T16:00,PM2.5,1.8,8,1,Tramway
2022-12-25T16:00,PM10,4.0,4,1,Tramway
2022-12-25T16:00,PM10,23.0,21,1,Chaparral
2022-12-25T16:00,PM2.5,23.1,74,2,Ascarate Park Southeast C37
2022-12-25T16:00,PM2.5,16.6,60,2,Socorro Hueco C49
2022-12-25T16:00,PM10,48.0,44,1,Socorro Hueco C49
2022-12-25T16:00,PM2.5,0.0,0,1,Santa Fe Airport
2022-12-25T16:00,PM2.5,6.0,25,1,Miles City
2022-12-25T16:00,PM10,4.0,4,1,Miles City
2022-12-25T16:00,PM2.5,7.3,30,1,Taos Fire Station
2022-12-25T16:00,PM2.5,5.6,23,1,Broadus
2022-12-25T16:00,PM2.5,10.0,42,1,Longmont
2022-12-25T16:00,PM2.5,12.7,52,2,Ft. Collins - CSU Facilities
2022-12-25T16:00,PM10,13.0,12,1,Ft. Collins - CSU Facilities
2022-12-25T16:00,PM2.5,1.1,5,1,Chatfield Park - 11500 N. Roxborough Park Rd.
2022-12-25T16:00,PM2.5,1.0,4,1,I25 Denver
2022-12-25T16:00,PM2.5,1.7,7,1,La Casa NCORE - 4545 Navajo St.
2022-12-25T16:00,PM10,4.0,4,1,La Casa NCORE - 4545 Navajo St.
2022-12-25T16:00,PM2.5,1.9,8,1,Globeville
2022-12-25T16:00,PM2.5,1.1,5,1,Denver - CAMP - 2105 Broadway
2022-12-25T16:00,PM10,2.0,2,1,Denver Swansea Elementary School
2022-12-25T16:00,PM10,9.0,8,1,Welby - 78th Ave. & Steele St.
2022-12-25T16:00,PM2.5,2.5,10,1,Denver - NJH - 14th Ave. & Albion St.
2022-12-25T16:00,PM10,5.0,5,1,Denver - NJH - 14th Ave. & Albion St.
2022-12-25T16:00,PM2.5,2.1,9,1,Adams-Birch
2022-12-25T16:00,PM2.5,2.8,12,1,Colorado College
2022-12-25T16:00,PM2.5,24.2,76,2,Greeley Hospital
2022-12-25T16:00,PM2.5,1.0,4,1,Sidney 201
2022-12-25T16:00,PM10,0.0,0,1,Sidney 201
2022-12-25T16:00,PM2.5,3.2,13,1,Scottsbluff HS
2022-12-25T16:00,PM2.5,5.2,22,1,Theodore Roosevelt NP - Painted Canyon VC
2022-12-25T16:00,PM2.5,2.4,10,1,WIND CAVE
2022-12-25T16:00,PM10,2.0,2,1,WIND CAVE
2022-12-25T16:00,PM10,0.0,0,1,Black Hawk
2022-12-25T16:00,PM10,143.0,95,2,Loma Dorada
2022-12-25T16:00,PM2.5,3.7,15,1,Hobbs Jefferson
2022-12-25T16:00,PM2.5,2.5,10,1,Lake Ilo
2022-12-25T16:00,PM10,2.0,2,1,Lake Ilo
2022-12-25T16:00,PM10,4.0,4,1,Badlands
2022-12-25T16:00,PM10,4.0,4,1,Goodland
2022-12-25T16:00,PM2.5,0.0,0,1,Pierre
2022-12-25T16:00,PM10,16.0,15,1,Dodge City
2022-12-25T16:00,PM2.5,4.7,20,1,Cedar Bluff
2022-12-25T16:00,PM10,15.0,14,1,Cedar Bluff
2022-12-25T16:00,PM2.5,4.5,19,1,Seiling
2022-12-25T16:00,PM10,16.0,15,1,Seiling
2022-12-25T16:00,PM2.5,7.5,31,1,San Antonio Old Hwy90 C677
2022-12-25T16:00,PM2.5,5.4,23,1,Aberdeen
2022-12-25T16:00,PM10,3.0,3,1,Aberdeen
2022-12-25T16:00,PM2.5,1.1,5,1,Grand Island DOT
2022-12-25T16:00,PM2.5,14.9,57,2,Near Road OKC
2022-12-25T16:00,PM10,31.0,29,1,Near Road OKC
2022-12-25T16:00,PM2.5,9.6,40,1,Moore
2022-12-25T16:00,PM10,22.0,20,1,Moore
2022-12-25T16:00,PM2.5,5.1,21,1,Healdton
2022-12-25T16:00,PM10,14.0,13,1,Healdton
2022-12-25T16:00,PM2.5,7.4,31,1,North OKC
2022-12-25T16:00,PM10,16.0,15,1,North OKC
2022-12-25T16:00,PM2.5,5.0,21,1,PECK
2022-12-25T16:00,PM10,12.0,11,1,PECK
2022-12-25T16:00,PM2.5,5.5,23,1,WHlthDpt
2022-12-25T16:00,PM10,13.0,12,1,WHlthDpt
2022-12-25T16:00,PM2.5,4.1,17,1,Watertown
2022-12-25T16:00,PM10,7.0,6,1,Watertown
2022-12-25T16:00,PM2.5,3.2,13,1,Ponca City
2022-12-25T16:00,PM10,10.0,9,1,Ponca City
2022-12-25T16:00,PM2.5,14.7,56,2,Waco C1037
2022-12-25T16:00,PM2.5,2.8,12,1,Vermillion
2022-12-25T16:00,PM2.5,0.0,0,1,Homestead NHP
2022-12-25T16:00,PM10,9.0,8,1,Research Farm
2022-12-25T16:00,PM2.5,1.2,5,1,LLCHD BAM
2022-12-25T16:00,PM2.5,10.0,42,1,Glenpool
2022-12-25T16:00,PM10,17.0,16,1,Glenpool
2022-12-25T16:00,PM2.5,5.6,23,1,NCORE
2022-12-25T16:00,PM10,8.0,7,1,NCORE
2022-12-25T16:00,PM2.5,3.8,16,1,2912 Coffey
2022-12-25T16:00,PM2.5,2.9,12,1,Detroit Lakes
2022-12-25T16:00,PM2.5,1.6,7,1,Marshall
2022-12-25T16:00,PM2.5,5.2,22,1,McAlester
2022-12-25T16:00,PM10,11.0,10,1,McAlester
2022-12-25T16:00,PM2.5,3.6,15,1,KNI-Topeka
2022-12-25T16:00,PM10,10.0,9,1,KNI-Topeka
2022-12-25T16:00,PM2.5,7.5,31,1,Union
2022-12-25T16:00,PM10,24.0,22,1,Union
2022-12-25T16:00,PM2.5,7.0,29,1,Clinton C403
2022-12-25T16:00,PM2.5,0.0,0,1,Viking Lake State Park
2022-12-25T16:00,PM2.5,0.0,0,1,Red Lake Nation
2022-12-25T16:00,PM2.5,2.5,10,1,St. Joseph
2022-12-25T16:00,PM10,6.0,6,1,St. Joseph
2022-12-25T16:00,PM2.5,3.8,16,1,Heritage Park
2022-12-25T16:00,PM10,9.0,8,1,Heritage Park
2022-12-25T16:00,PM2.5,3.2,13,1,"Emmetsburg, ILCC"
2022-12-25T16:00,PM2.5,1.7,7,1,Leech Lake Nation: Cass Lake
2022-12-25T16:00,PM10,17.0,16,1,Troost
2022-12-25T16:00,PM2.5,0.8,3,1,Troost
2022-12-25T16:00,PM10,11.0,10,1,Front Street
2022-12-25T16:00,PM2.5,5.0,21,1,Blue Ridge I-70
2022-12-25T16:00,PM2.5,1.1,5,1,Liberty
2022-12-25T16:00,PM10,10.0,9,1,Carthage
2022-12-25T16:00,PM2.5,3.4,14,1,Brainerd
2022-12-25T16:00,PM2.5,2.2,9,1,St. Cloud
2022-12-25T16:00,PM2.5,6.9,29,1,SPRNGDLE
2022-12-25T16:00,PM2.5,3.8,16,1,El Do Springs
2022-12-25T16:00,PM2.5,6.1,25,1,Shreveport Airport
2022-12-25T16:00,PM2.5,3.0,13,1,St. Michael
2022-12-25T16:00,PM2.5,0.0,0,1,CARPENTER
2022-12-25T16:00,PM2.5,2.7,11,1,Shakopee
2022-12-25T16:00,PM10,11.0,10,1,Hillcrest HS
2022-12-25T16:00,PM2.5,0.8,3,1,Hillcrest HS
2022-12-25T16:00,PM2.5,2.5,10,1,Lakeville - Near Road
2022-12-25T16:00,PM2.5,4.2,18,1,Westlake
2022-12-25T16:00,PM10,6.0,6,1,Minneapolis-Pacific St
2022-12-25T16:00,PM10,4.0,4,1,Minneapolis-Lowry Ave
2022-12-25T16:00,PM10,2.0,2,1,Minneapolis - Bottineau/Marshall Terrace
2022-12-25T16:00,PM2.5,3.0,13,1,Minneapolis-Phillips
2022-12-25T16:00,PM2.5,3.3,14,1,Minneapolis-Near Road
2022-12-25T16:00,PM2.5,2.4,10,1,Apple Valley
2022-12-25T16:00,PM10,0.0,0,1,Blaine
2022-12-25T16:00,PM10,8.0,7,1,St. Paul - Downtown
2022-12-25T16:00,PM2.5,3.2,13,1,St. Paul-Harding H.S.
2022-12-25T16:00,PM2.5,1.7,7,1,Virginia
2022-12-25T16:00,PM2.5,0.0,0,1,Fond du Lac
2022-12-25T16:00,PM2.5,2.6,11,1,Rochester
2022-12-25T16:00,PM2.5,1.7,7,1,"Waterloo, Water Tower"
2022-12-25T16:00,PM2.5,2.0,8,1,PARR
2022-12-25T16:00,PM2.5,1.5,6,1,Duluth-WDSE
2022-12-25T16:00,PM2.5,8.3,35,1,Lafayette
2022-12-25T16:00,PM2.5,3.6,15,1,Lake Sugema
2022-12-25T16:00,PM10,3.0,3,1,Mark Twain SP
2022-12-25T16:00,PM2.5,2.4,10,1,PUBLIC HEALTH
2022-12-25T16:00,PM2.5,2.2,9,1,"Iowa City, Hoover School"
2022-12-25T16:00,PM2.5,0.9,4,1,Ely
2022-12-25T16:00,PM2.5,3.0,13,1,Eau Claire
2022-12-25T16:00,PM10,4.0,4,1,Eau Claire
2022-12-25T16:00,PM2.5,2.7,11,1,LACROSSE DOT
2022-12-25T16:00,PM2.5,9.5,40,1,Capitol
2022-12-25T16:00,PM2.5,0.0,0,1,"Muscatine, High School East Campus"
2022-12-25T16:00,PM2.5,7.2,30,1,French Settlement
2022-12-25T16:00,PM2.5,8.1,34,1,Thibodaux
2022-12-25T16:00,PM2.5,3.8,16,1,CLEVELAND
2022-12-25T16:00,PM2.5,1.6,7,1,Bad River Tribal School
2022-12-25T16:00,PM2.5,3.5,15,1,Potosi
2022-12-25T16:00,PM10,37.0,34,1,Buffalo
2022-12-25T16:00,PM2.5,2.4,10,1,PERKINSTOWN
2022-12-25T16:00,PM2.5,2.3,10,1,"Davenport, 10th & Vine"
2022-12-25T16:00,PM2.5,4.9,20,1,Guatemala City
2022-12-25T16:00,PM10,9.0,8,1,Guatemala City
2022-12-25T16:00,PM2.5,2.5,10,1,ROCK_IS
2022-12-25T16:00,PM2.5,3.7,15,1,Arnold West
2022-12-25T16:00,PM10,5.0,5,1,Arnold West
2022-12-25T16:00,PM2.5,1.9,8,1,Ladue
2022-12-25T16:00,PM2.5,2.2,9,1,JERSEYVL
2022-12-25T16:00,PM2.5,0.0,0,1,Forest Park
2022-12-25T16:00,PM2.5,1.4,6,1,South Broadway
2022-12-25T16:00,PM2.5,3.8,16,1,Hinds CC
2022-12-25T16:00,PM2.5,3.0,13,1,"Clinton, Chancy Park"
2022-12-25T16:00,PM2.5,3.8,16,1,Madisonville
2022-12-25T16:00,PM2.5,2.0,8,1,Blair Street
2022-12-25T16:00,PM10,7.0,6,1,Blair Street
2022-12-25T16:00,PM2.5,4.9,20,1,MARION
2022-12-25T16:00,PM10,9.0,8,1,Branch Street
2022-12-25T16:00,PM2.5,0.1,0,1,Branch Street
2022-12-25T16:00,PM2.5,4.8,20,1,Jackson NCORE
2022-12-25T16:00,PM10,8.0,7,1,Jackson NCORE
2022-12-25T16:00,PM2.5,3.1,13,1,East St. Louis
2022-12-25T16:00,PM2.5,6.3,26,1,GC_MAD
2022-12-25T16:00,PM2.5,3.3,14,1,HERNANDO
2022-12-25T16:00,PM2.5,3.2,13,1,SHELBY FARMS
2022-12-25T16:00,PM2.5,3.9,16,1,HOUSTON
2022-12-25T16:00,PM2.5,7.4,31,1,Grand Portage
2022-12-25T16:00,PM2.5,3.2,13,1,Devils Lake
2022-12-25T16:00,PM10,4.0,4,1,Devils Lake
2022-12-25T16:00,PM2.5,1.3,5,1,TROUT LAKE
2022-12-25T16:00,PM2.5,1.8,8,1,Springfield Ag
2022-12-25T16:00,PM2.5,2.8,12,1,Madison University Ave
2022-12-25T16:00,PM10,3.0,3,1,Madison University Ave
2022-12-25T16:00,PM2.5,2.5,10,1,WAVELAND
2022-12-25T16:00,PM2.5,1.7,7,1,DYERSBURG
2022-12-25T16:00,PM2.5,2.9,12,1,MADISON EAST
2022-12-25T16:00,PM2.5,4.2,18,1,Hattiesburg
2022-12-25T16:00,PM2.5,2.8,12,1,Rockford
2022-12-25T16:00,PM2.5,3.7,15,1,GPORT YC
2022-12-25T16:00,PM2.5,2.4,10,1,NORMAL
2022-12-25T16:00,PM2.5,1.9,8,1,DECATUR
2022-12-25T16:00,PM2.5,2.9,12,1,Jackson
2022-12-25T16:00,PM2.5,1.0,4,1,POTAWATOMI
2022-12-25T16:00,PM2.5,2.6,11,1,KNIGHT_P
2022-12-25T16:00,PM2.5,2.5,10,1,Horicon Wildlife Area
2022-12-25T16:00,PM10,3.0,3,1,Horicon Wildlife Area
2022-12-25T16:00,PM2.5,3.7,15,1,PASCAGOULA
2022-12-25T16:00,PM2.5,2.7,11,1,APPLETON AAL
2022-12-25T16:00,PM2.5,2.9,12,1,CARY
2022-12-25T16:00,PM2.5,3.0,13,1,WAUKESHA - CLEVELAND AVE
2022-12-25T16:00,PM10,4.0,4,1,WAUKESHA - CLEVELAND AVE
2022-12-25T16:00,PM2.5,3.2,13,1,BRAIDWD
2022-12-25T16:00,PM2.5,3.6,15,1,Naperville
2022-12-25T16:00,PM2.5,3.2,13,1,Joliet
2022-12-25T16:00,PM2.5,1.9,8,1,CHICK.
2022-12-25T16:00,PM2.5,2.3,10,1,GREEN BAY E HIGH
2022-12-25T16:00,PM10,22.0,20,1,MILWAUKEE COLLEGE AVE.-NR
2022-12-25T16:00,PM2.5,4.3,18,1,MILWAUKEE COLLEGE AVE.-NR
2022-12-25T16:00,PM2.5,3.0,13,1,MILWAUKEE 16TH ST
2022-12-25T16:00,PM2.5,4.4,18,1,SCHILPRK
2022-12-25T16:00,PM2.5,3.6,15,1,DESPLNS
2022-12-25T16:00,PM2.5,3.0,13,1,CHIWAUKEE
2022-12-25T16:00,PM2.5,2.4,10,1,HARRINGTON BCH
2022-12-25T16:00,PM2.5,3.0,13,1,NORTHBRK
2022-12-25T16:00,PM2.5,0.6,3,1,ALSIP
2022-12-25T16:00,PM2.5,3.3,14,1,CHI_SP
2022-12-25T16:00,PM2.5,1.7,7,1,CHI_COM
2022-12-25T16:00,PM2.5,3.2,13,1,Evansville-Buena Vista
2022-12-25T16:00,PM10,8.0,7,1,Evansville-Buena Vista
2022-12-25T16:00,PM2.5,5.8,24,1,Kingery Near-road #1
2022-12-25T16:00,PM2.5,3.5,15,1,Hammond-167th St
2022-12-25T16:00,PM2.5,3.9,16,1,East Chicago - Marina
2022-12-25T16:00,PM2.5,0.4,2,1,Loretto
2022-12-25T16:00,PM2.5,1.7,7,1,Clarksville
2022-12-25T16:00,PM10,9.0,8,1,Gary-IITRI
2022-12-25T16:00,PM2.5,3.6,15,1,Ellyson Industrial Park
2022-12-25T16:00,PM10,7.0,6,1,Ellyson Industrial Park
2022-12-25T16:00,PM10,13.0,12,1,Portage-Hwy 12
2022-12-25T16:00,PM2.5,3.6,15,1,OWENPRI
2022-12-25T16:00,PM2.5,0.0,0,1,Columbia
2022-12-25T16:00,PM2.5,4.7,20,1,MCADORY
2022-12-25T16:00,PM2.5,3.6,15,1,DECATUR
2022-12-25T16:00,PM2.5,3.0,13,1,CORNER
2022-12-25T16:00,PM2.5,7.0,29,1,WYLAM
2022-12-25T16:00,PM10,3.0,3,1,WYLAM
2022-12-25T16:00,PM2.5,4.0,17,1,NO. BHAM
2022-12-25T16:00,PM10,7.0,6,1,NO. BHAM
2022-12-25T16:00,PM2.5,4.3,18,1,Shuttlesworth
2022-12-25T16:00,PM10,5.0,5,1,Shuttlesworth
2022-12-25T16:00,PM2.5,3.8,16,1,HVILLE
2022-12-25T16:00,PM2.5,4.7,20,1,Huntsville Old Airport
2022-12-25T16:00,PM2.5,3.0,13,1,LEEDS
2022-12-25T16:00,PM2.5,2.6,11,1,MONTG
2022-12-25T16:00,PM2.5,3.2,13,1,Indpls-W.18th St
2022-12-25T16:00,PM2.5,5.8,24,1,South Bend-Shields Dr
2022-12-25T16:00,PM2.5,2.6,11,1,HOLLAND
2022-12-25T16:00,PM2.5,3.0,13,1,Indpls-Washington Park
2022-12-25T16:00,PM10,10.0,9,1,Indpls-Washington Park
2022-12-25T16:00,PM2.5,1.6,7,1,GADSDEN
2022-12-25T16:00,PM2.5,3.5,15,1,Elkhart-Prairie St.
2022-12-25T16:00,PM2.5,4.4,18,1,SENEY
2022-12-25T16:00,PM2.5,4.4,18,1,Fishers
2022-12-25T16:00,PM2.5,3.6,15,1,WATSON
2022-12-25T16:00,PM10,8.0,7,1,WATSON
2022-12-25T16:00,PM2.5,2.2,9,1,JENISON
2022-12-25T16:00,PM10,3.0,3,1,JENISON
2022-12-25T16:00,PM2.5,3.8,16,1,ETOWN2
2022-12-25T16:00,PM2.5,3.0,13,1,Algonquin Parkway
2022-12-25T16:00,PM10,7.0,6,1,Algonquin Parkway
2022-12-25T16:00,PM2.5,3.3,14,1,Jeffersonville - Bates-Bowyer Av
2022-12-25T16:00,PM2.5,3.9,16,1,St. Andrews Park
2022-12-25T16:00,PM2.5,3.8,16,1,Near Road
2022-12-25T16:00,PM10,15.0,14,1,Near Road
2022-12-25T16:00,PM2.5,2.7,11,1,GRAND RAPIDS
2022-12-25T16:00,PM10,6.0,6,1,GRAND RAPIDS
2022-12-25T16:00,PM2.5,3.1,13,1,Cannons Lane
2022-12-25T16:00,PM10,7.0,6,1,Cannons Lane
2022-12-25T16:00,PM2.5,3.3,14,1,Anderson-Eastside Elem. Sch
2022-12-25T16:00,PM2.5,4.3,18,1,Larwill
2022-12-25T16:00,PM2.5,3.9,16,1,Carrithers Middle School
2022-12-25T16:00,PM10,9.0,8,1,Carrithers Middle School
2022-12-25T16:00,PM2.5,3.4,14,1,KALAMAZOO
2022-12-25T16:00,PM2.5,1.7,7,1,Cookeville
2022-12-25T16:00,PM2.5,1.7,7,1,Rome
2022-12-25T16:00,PM2.5,3.3,14,1,Rossville-Williams St
2022-12-25T16:00,PM10,7.0,6,1,Rossville-Williams St
2022-12-25T16:00,PM2.5,3.4,14,1,Riverside
2022-12-25T16:00,PM2.5,3.4,14,1,PC South Girard School
2022-12-25T16:00,PM2.5,3.6,15,1,Columbus Airport
2022-12-25T16:00,PM10,7.0,6,1,Columbus Airport
2022-12-25T16:00,PM2.5,6.1,25,1,HOUGHTON LAKE
2022-12-25T16:00,PM2.5,3.5,15,1,Preble NCore
2022-12-25T16:00,PM2.5,1.9,8,1,Colerain
2022-12-25T16:00,PM2.5,3.6,15,1,SOMERST
2022-12-25T16:00,PM2.5,4.0,17,1,ATHENS
2022-12-25T16:00,PM2.5,2.7,11,1,LANSING
2022-12-25T16:00,PM2.5,3.0,13,1,Lower Price Hill
2022-12-25T16:00,PM2.5,2.5,10,1,Harriman
2022-12-25T16:00,PM2.5,1.9,8,1,Cincinnati Near Road
2022-12-25T16:00,PM2.5,3.3,14,1,Taft NCore
2022-12-25T16:00,PM10,9.0,8,1,Taft NCore
2022-12-25T16:00,PM2.5,3.9,16,1,NEWTWN
2022-12-25T16:00,PM2.5,3.4,14,1,Carthage
2022-12-25T16:00,PM2.5,3.3,14,1,NKU
2022-12-25T16:00,PM2.5,2.3,10,1,Sycamore
2022-12-25T16:00,PM2.5,5.9,25,1,United Ave
2022-12-25T16:00,PM2.5,4.3,18,1,Tallahassee Community College
2022-12-25T16:00,PM2.5,2.4,10,1,LOUDONMS
2022-12-25T16:00,PM2.5,3.6,15,1,Sault Ste Marie
2022-12-25T16:00,PM2.5,1.7,7,1,Lebanon
2022-12-25T16:00,PM2.5,3.6,15,1,Sinclair
2022-12-25T16:00,PM2.5,4.1,17,1,St. Marks Wildlife Refuge
2022-12-25T16:00,PM2.5,2.0,8,1,McDonough
2022-12-25T16:00,PM2.5,2.3,10,1,Batavia
2022-12-25T16:00,PM2.5,5.5,23,1,San Jose
2022-12-25T16:00,PM2.5,3.5,15,1,Gwinnett Tech
2022-12-25T16:00,PM10,6.0,6,1,Gwinnett Tech
2022-12-25T16:00,PM2.5,3.0,13,1,Lima
2022-12-25T16:00,PM2.5,5.2,22,1,TECUMSEH
2022-12-25T16:00,PM2.5,1.0,4,1,MARYVILL
2022-12-25T16:00,PM2.5,3.7,15,1,AIR LAB
2022-12-25T16:00,PM2.5,6.2,26,1,BAY CITY
2022-12-25T16:00,PM2.5,3.6,15,1,Gainesville
2022-12-25T16:00,PM10,6.0,6,1,Gainesville
2022-12-25T16:00,PM2.5,3.5,15,1,Springfield Fire St1
2022-12-25T16:00,PM2.5,7.1,30,1,MIDAIR
2022-12-25T16:00,PM2.5,3.4,14,1,FLINT
2022-12-25T16:00,PM2.5,5.3,22,1,YPSILANTI
2022-12-25T16:00,PM2.5,3.5,15,1,Warner Robins
2022-12-25T16:00,PM10,7.0,6,1,Warner Robins
2022-12-25T16:00,PM2.5,5.5,23,1,Erie
2022-12-25T16:00,PM2.5,4.0,17,1,Macon Forestry
2022-12-25T16:00,PM10,7.0,6,1,Macon Forestry
2022-12-25T16:00,PM2.5,5.2,22,1,BRYSON
2022-12-25T16:00,PM2.5,4.2,18,1,Athens
2022-12-25T16:00,PM10,8.0,7,1,Athens
2022-12-25T16:00,PM2.5,8.6,36,1,ELIZA HOWELL-NR
2022-12-25T16:00,PM2.5,4.3,18,1,HAZ2
2022-12-25T16:00,PM2.5,5.3,22,1,ALLEN PARK
2022-12-25T16:00,PM2.5,6.2,26,1,NMH48217
2022-12-25T16:00,PM2.5,8.5,35,1,DEARBORN
2022-12-25T16:00,PM10,24.0,22,1,DEARBORN
2022-12-25T16:00,PM2.5,6.8,28,1,TRINITY
2022-12-25T16:00,PM2.5,5.9,25,1,DETROIT-SW
2022-12-25T16:00,PM2.5,7.0,29,1,MILITARY PARK
2022-12-25T16:00,PM2.5,5.6,23,1,DP4TH
2022-12-25T16:00,PM2.5,4.1,17,1,Smoky Row Near Road
2022-12-25T16:00,PM2.5,4.8,20,1,Windsor Downtown
2022-12-25T16:00,PM2.5,3.6,15,1,GRAYSON
2022-12-25T16:00,PM2.5,7.0,29,1,New Albany
2022-12-25T16:00,PM2.5,6.4,27,1,Sandersville
2022-12-25T16:00,PM10,21.0,19,1,Sandersville
2022-12-25T16:00,PM2.5,2.3,10,1,NEW HAVEN
2022-12-25T16:00,PM2.5,3.8,16,1,St. Petersburg College
2022-12-25T16:00,PM2.5,3.9,16,1,ODOT Ironton
2022-12-25T16:00,PM2.5,5.6,23,1,Crystal River Preserve
2022-12-25T16:00,PM2.5,3.9,16,1,FIVCO
2022-12-25T16:00,PM2.5,6.8,28,1,Lake City
2022-12-25T16:00,PM2.5,3.3,14,1,BDED
2022-12-25T16:00,PM2.5,4.3,18,1,GANDY
2022-12-25T16:00,PM2.5,3.6,15,1,PIKE2001
2022-12-25T16:00,PM2.5,4.1,17,1,Kingsport
2022-12-25T16:00,PM2.5,4.7,20,1,Bee Ridge
2022-12-25T16:00,PM10,9.0,8,1,Paw Park
2022-12-25T16:00,PM2.5,2.0,8,1,PORT HURON
2022-12-25T16:00,PM10,5.0,5,1,DAVIS ISLAND
2022-12-25T16:00,PM2.5,5.7,24,1,Osceola National Forest
2022-12-25T16:00,PM2.5,5.3,22,1,APOLLO BEACH
2022-12-25T16:00,PM2.5,10.0,42,1,Greenville-ESC
2022-12-25T16:00,PM10,13.0,12,1,Greenville-ESC
2022-12-25T16:00,PM2.5,3.9,16,1,Sarnia
2022-12-25T16:00,PM10,6.0,6,1,GARDINIER
2022-12-25T16:00,PM2.5,5.8,24,1,Jackson Road
2022-12-25T16:00,PM2.5,4.2,18,1,Paynes Prairie Farm
2022-12-25T16:00,PM2.5,2.6,11,1,SYDNEY
2022-12-25T16:00,PM2.5,6.2,26,1,Chatham
2022-12-25T16:00,PM2.5,8.9,37,1,YMCA - Marion County
2022-12-25T16:00,PM2.5,1.6,7,1,Spruce Pine
2022-12-25T16:00,PM2.5,4.2,18,1,Augusta
2022-12-25T16:00,PM10,7.0,6,1,Augusta
2022-12-25T16:00,PM2.5,4.8,20,1,Fl. Baptist Children's Home
2022-12-25T16:00,PM10,7.0,6,1,Fl. Baptist Children's Home
2022-12-25T16:00,PM2.5,4.9,20,1,TK Gregg
2022-12-25T16:00,PM2.5,3.8,16,1,Chippewa
2022-12-25T16:00,PM2.5,5.1,21,1,Trenton
2022-12-25T16:00,PM2.5,0.0,0,1,Grand Bend
2022-12-25T16:00,PM2.5,7.6,32,1,Laurel Oaks Elementary
2022-12-25T16:00,PM2.5,6.0,25,1,St Theodosius
2022-12-25T16:00,PM10,13.0,12,1,GT Craig NCore
2022-12-25T16:00,PM10,5.0,5,1,Palatka
2022-12-25T16:00,PM2.5,6.3,26,1,Kooker Park
2022-12-25T16:00,PM10,7.0,6,1,Kooker Park
2022-12-25T16:00,PM2.5,4.5,19,1,Mandarin
2022-12-25T16:00,PM10,7.0,6,1,Mandarin
2022-12-25T16:00,PM2.5,5.7,24,1,CHARLESTON
2022-12-25T16:00,PM2.5,4.2,18,1,Pepsi Place
2022-12-25T16:00,PM2.5,5.6,23,1,Sheffield Elementary School
2022-12-25T16:00,PM2.5,4.5,19,1,East HS
2022-12-25T16:00,PM2.5,7.2,30,1,Mayo Clinic
2022-12-25T16:00,PM2.5,4.7,20,1,Canton
2022-12-25T16:00,PM2.5,1.0,4,1,HICKORY
2022-12-25T16:00,PM2.5,4.3,18,1,Winter Park
2022-12-25T16:00,PM2.5,4.0,17,1,Seminole Community College (AG COMP)
2022-12-25T16:00,PM10,5.0,5,1,Seminole Community College (AG COMP)
2022-12-25T16:00,PM2.5,4.7,20,1,Painesville
2022-12-25T16:00,PM2.5,2.5,10,1,London
2022-12-25T16:00,PM2.5,4.3,18,1,Port Stanley
2022-12-25T16:00,PM2.5,4.6,19,1,Irmo
2022-12-25T16:00,PM2.5,4.3,18,1,Savannah L&A
2022-12-25T16:00,PM10,8.0,7,1,Savannah L&A
2022-12-25T16:00,PM10,6.0,6,1,Cayce City Hall
2022-12-25T16:00,PM2.5,4.4,18,1,Blind Services; 1185-A Dunn Ave
2022-12-25T16:00,PM10,8.0,7,1,Blind Services; 1185-A Dunn Ave
2022-12-25T16:00,PM2.5,4.0,17,1,Sudbury
2022-12-25T16:00,PM2.5,4.9,20,1,Parklane
2022-12-25T16:00,PM10,9.0,8,1,Ramblewood Park
2022-12-25T16:00,PM2.5,5.7,24,1,Remount
2022-12-25T16:00,PM2.5,4.8,20,1,Friendship Park
2022-12-25T16:00,PM2.5,6.8,28,1,Laird Eng Bldg
2022-12-25T16:00,PM2.5,8.4,35,1,GARINGER
2022-12-25T16:00,PM10,6.0,6,1,GARINGER
2022-12-25T16:00,PM2.5,5.4,23,1,MOUNDSVILLE
2022-12-25T16:00,PM2.5,5.1,21,1,Belle Glade
2022-12-25T16:00,PM2.5,5.3,22,1,Youngstown State
2022-12-25T16:00,PM2.5,4.8,20,1,Melbourne
2022-12-25T16:00,PM10,9.0,8,1,Melbourne
2022-12-25T16:00,PM2.5,5.4,23,1,Steubenville
2022-12-25T16:00,PM2.5,3.0,13,1,Kitchener
2022-12-25T16:00,PM2.5,4.9,20,1,Farrell
2022-12-25T16:00,PM2.5,4.5,19,1,Florence
2022-12-25T16:00,PM2.5,2.0,8,1,ROCKWELL
2022-12-25T16:00,PM2.5,4.5,19,1,Clemmons Middle
2022-12-25T16:00,PM2.5,7.2,30,1,V_VIEW
2022-12-25T16:00,PM2.5,5.3,22,1,Beaver Falls
2022-12-25T16:00,PM2.5,2.6,11,1,Brantford
2022-12-25T16:00,PM2.5,7.5,31,1,LWATTOWR
2022-12-25T16:00,PM2.5,5.3,22,1,NCORE
2022-12-25T16:00,PM10,11.0,10,1,NCORE
2022-12-25T16:00,PM2.5,4.8,20,1,HATTIEAVEN
2022-12-25T16:00,PM10,7.0,6,1,HATTIEAVEN
2022-12-25T16:00,PM2.5,3.7,15,1,Chesterfield
2022-12-25T16:00,PM2.5,7.1,30,1,Near Road
2022-12-25T16:00,PM2.5,5.4,23,1,POMPANO_BEACH
2022-12-25T16:00,PM2.5,4.5,19,1,Delray Beach
2022-12-25T16:00,PM10,9.0,8,1,Delray Beach
2022-12-25T16:00,PM2.5,5.6,23,1,Avalon
2022-12-25T16:00,PM2.5,5.5,23,1,Parry Sound
2022-12-25T16:00,PM2.5,5.9,25,1,Erie
2022-12-25T16:00,PM10,6.0,6,1,Jenkins Avenue
2022-12-25T16:00,PM2.5,5.0,21,1,Lawrenceville
2022-12-25T16:00,PM2.5,5.8,24,1,North Charleston F.S.
2022-12-25T16:00,PM2.5,6.3,26,1,Charleroi
2022-12-25T16:00,PM2.5,4.6,19,1,Clairton
2022-12-25T16:00,PM2.5,3.8,16,1,EAST VINTON ELEMENTARY SCHOOL
2022-12-25T16:00,PM2.5,4.5,19,1,Liberty (SAHS)
2022-12-25T16:00,PM2.5,4.9,20,1,Parkway East (Near Road)
2022-12-25T16:00,PM2.5,0.0,0,1,Hamilton Downtown
2022-12-25T16:00,PM2.5,5.0,21,1,North Braddock
2022-12-25T16:00,PM2.5,12.4,52,2,Candor FRO
2022-12-25T16:00,PM10,10.0,9,1,MENDNHAL
2022-12-25T16:00,PM2.5,5.4,23,1,Williams Middle School
2022-12-25T16:00,PM2.5,1.0,4,1,Barrie
2022-12-25T16:00,PM2.5,6.0,25,1,Cape Romain
2022-12-25T16:00,PM2.5,5.1,21,1,Kittanning
2022-12-25T16:00,PM2.5,5.2,22,1,North Bay
2022-12-25T16:00,PM2.5,1.1,5,1,Toronto Downtown
2022-12-25T16:00,PM2.5,0.0,0,1,St. Catharines
2022-12-25T16:00,PM2.5,5.8,24,1,Temiscaming
2022-12-25T16:00,PM10,11.0,10,1,W OWEN SCH
2022-12-25T16:00,PM2.5,5.1,21,1,Strongstown
2022-12-25T16:00,PM2.5,4.7,20,1,Johnstown
2022-12-25T16:00,PM2.5,3.5,15,1,Durham Armory
2022-12-25T16:00,PM10,5.0,5,1,Durham Armory
2022-12-25T16:00,PM2.5,7.4,31,1,Tonawanda II
2022-12-25T16:00,PM2.5,4.4,18,1,Burdens Creek
2022-12-25T16:00,PM10,7.0,6,1,Burdens Creek
2022-12-25T16:00,PM2.5,0.8,3,1,Buffalo
2022-12-25T16:00,PM2.5,6.6,28,1,Buffalo Near-road
2022-12-25T16:00,PM2.5,3.9,16,1,Millbrook NCore
2022-12-25T16:00,PM10,7.0,6,1,Millbrook NCore
2022-12-25T16:00,PM2.5,3.7,15,1,Albemarle HS
2022-12-25T16:00,PM2.5,2.4,10,1,JOHNSTON
2022-12-25T16:00,PM2.5,2.3,10,1,Shenandoah NP
2022-12-25T16:00,PM2.5,4.5,19,1,Altoona
2022-12-25T16:00,PM2.5,1.6,7,1,Peterborough
2022-12-25T16:00,PM2.5,4.6,19,1,LESTER BUILDING SYSTEMS  NEAR REST
2022-12-25T16:00,PM10,8.0,7,1,LESTER BUILDING SYSTEMS  NEAR REST
2022-12-25T16:00,PM2.5,5.3,22,1,State College
2022-12-25T16:00,PM2.5,9.9,41,1,CASTLE H
2022-12-25T16:00,PM10,11.0,10,1,CASTLE H
2022-12-25T16:00,PM2.5,4.0,17,1,Radisson
2022-12-25T16:00,PM2.5,1.4,6,1,Hagerstown
2022-12-25T16:00,PM2.5,3.9,16,1,Northampton
2022-12-25T16:00,PM2.5,8.8,37,1,LEGGETT
2022-12-25T16:00,PM2.5,9.5,40,1,Rochester Near-road
2022-12-25T16:00,PM2.5,5.2,22,1,Rochester
2022-12-25T16:00,PM2.5,4.7,20,1,Richmond City Near Road
2022-12-25T16:00,PM2.5,4.5,19,1,MATH & SCIENCE CTR
2022-12-25T16:00,PM10,8.0,7,1,MATH & SCIENCE CTR
2022-12-25T16:00,PM2.5,3.0,13,1,Belleville
2022-12-25T16:00,PM2.5,5.5,23,1,PITTAGCT
2022-12-25T16:00,PM2.5,5.4,23,1,Arendtsville
2022-12-25T16:00,PM2.5,6.8,28,1,Senneterre
2022-12-25T16:00,PM2.5,4.7,20,1,Carlisle
2022-12-25T16:00,PM2.5,12.3,51,2,Rockville
2022-12-25T16:00,PM2.5,12.1,51,2,FRANCONIA
2022-12-25T16:00,PM10,16.0,15,1,FRANCONIA
2022-12-25T16:00,PM2.5,12.6,52,2,McMillan Reservoir
2022-12-25T16:00,PM2.5,11.4,48,1,RIVER_Terrace
2022-12-25T16:00,PM2.5,13.3,54,2,DCNearRoad
2022-12-25T16:00,PM2.5,6.1,25,1,Harrisburg
2022-12-25T16:00,PM2.5,10.5,44,1,Howard County Near Road
2022-12-25T16:00,PM2.5,5.1,21,1,York
2022-12-25T16:00,PM2.5,6.5,27,1,Padonia
2022-12-25T16:00,PM2.5,9.1,38,1,Lake Montebello
2022-12-25T16:00,PM2.5,3.2,13,1,Kingston
2022-12-25T16:00,PM2.5,6.2,26,1,Lebanon
2022-12-25T16:00,PM2.5,4.8,20,1,HAMPTON
2022-12-25T16:00,PM10,8.0,7,1,HAMPTON
2022-12-25T16:00,PM2.5,6.8,28,1,Edgewood
2022-12-25T16:00,PM2.5,6.6,28,1,Lancaster
2022-12-25T16:00,PM2.5,8.2,34,1,Horn Point
2022-12-25T16:00,PM2.5,9.8,41,1,Lancaster DW
2022-12-25T16:00,PM2.5,5.4,23,1,E Syracuse
2022-12-25T16:00,PM2.5,6.8,28,1,Reading Airport
2022-12-25T16:00,PM2.5,5.4,23,1,Fair Hill
2022-12-25T16:00,PM2.5,9.4,39,1,Millington
2022-12-25T16:00,PM2.5,6.4,27,1,New Garden
2022-12-25T16:00,PM2.5,6.6,28,1,LUMS 2
2022-12-25T16:00,PM2.5,4.0,17,1,Gatineau - Hull
2022-12-25T16:00,PM2.5,5.8,24,1,Princess Anne
2022-12-25T16:00,PM10,9.0,8,1,Princess Anne
2022-12-25T16:00,PM2.5,4.7,20,1,Ottawa
2022-12-25T16:00,PM2.5,5.5,23,1,Scranton
2022-12-25T16:00,PM2.5,7.7,32,1,SEAFORD
2022-12-25T16:00,PM2.5,7.3,30,1,Rte 9 Del. City
2022-12-25T16:00,PM2.5,6.4,27,1,MLK
2022-12-25T16:00,PM2.5,9.9,41,1,KILLENS
2022-12-25T16:00,PM2.5,5.4,23,1,Pocomoke City
2022-12-25T16:00,PM10,8.0,7,1,Pocomoke City
2022-12-25T16:00,PM2.5,8.6,36,1,Dover
2022-12-25T16:00,PM2.5,7.5,31,1,Allentown
2022-12-25T16:00,PM2.5,7.5,31,1,Mont-Saint-Michel
2022-12-25T16:00,PM2.5,6.6,28,1,Chester
2022-12-25T16:00,PM2.5,8.5,35,1,Freemansburg
2022-12-25T16:00,PM2.5,6.6,28,1,Norristown
2022-12-25T16:00,PM2.5,6.0,25,1,RIT
2022-12-25T16:00,PM2.5,4.2,18,1,Camden Spruce St
2022-12-25T16:00,PM2.5,7.1,30,1,NEW
2022-12-25T16:00,PM10,13.0,12,1,NEW
2022-12-25T16:00,PM2.5,9.1,38,1,Columbia
2022-12-25T16:00,PM2.5,4.2,18,1,Millville
2022-12-25T16:00,PM2.5,7.6,32,1,TOR
2022-12-25T16:00,PM2.5,9.3,39,1,Flemington
2022-12-25T16:00,PM2.5,4.6,19,1,Trenton
2022-12-25T16:00,PM2.5,6.8,28,1,Rider University
2022-12-25T16:00,PM2.5,4.9,20,1,Cornwall
2022-12-25T16:00,PM2.5,4.0,17,1,Brigantine
2022-12-25T16:00,PM2.5,12.8,52,2,Rutgers University
2022-12-25T16:00,PM2.5,4.2,18,1,Saint-Anicet
2022-12-25T16:00,PM2.5,3.5,15,1,Rahway PM
2022-12-25T16:00,PM2.5,10.4,43,1,Elizabeth Trailer
2022-12-25T16:00,PM2.5,3.9,16,1,Toms River
2022-12-25T16:00,PM2.5,8.7,36,1,Paterson
2022-12-25T16:00,PM2.5,4.0,17,1,Jersey City FH
2022-12-25T16:00,PM2.5,3.1,13,1,Union City High School
2022-12-25T16:00,PM2.5,9.6,40,1,Rockland Cty
2022-12-25T16:00,PM2.5,7.3,30,1,Bklyn - PS 314
2022-12-25T16:00,PM2.5,8.3,35,1,Newburgh
2022-12-25T16:00,PM2.5,3.4,14,1,Fort Lee Near Road
2022-12-25T16:00,PM2.5,9.8,41,1,CCNY
2022-12-25T16:00,PM2.5,10.8,45,1,Manhattan/IS143
2022-12-25T16:00,PM2.5,2.9,12,1,Sainte-Anne-de-Bellevue
2022-12-25T16:00,PM2.5,8.8,37,1,Morrisania
2022-12-25T16:00,PM2.5,8.5,35,1,Bronx - IS52
2022-12-25T16:00,PM10,15.0,14,1,Bronx - IS52
2022-12-25T16:00,PM2.5,9.2,38,1,Queens
2022-12-25T16:00,PM2.5,9.2,38,1,Queens Near-road
2022-12-25T16:00,PM2.5,9.7,40,1,White Plains
2022-12-25T16:00,PM2.5,6.8,28,1,Albany
2022-12-25T16:00,PM2.5,4.8,20,1,Laval - Chomedey
2022-12-25T16:00,PM2.5,4.4,18,1,Aroport de Montral 1
2022-12-25T16:00,PM2.5,6.0,25,1,Duncan
2022-12-25T16:00,PM2.5,4.8,20,1,Terrebonne - Parc Vaillant
2022-12-25T16:00,PM2.5,5.0,21,1,Caserne 17
2022-12-25T16:00,PM2.5,8.6,36,1,Eisenhower Park
2022-12-25T16:00,PM2.5,5.4,23,1,York-Roberval
2022-12-25T16:00,PM2.5,4.4,18,1,Rivire-des-Prairies
2022-12-25T16:00,PM2.5,3.8,16,1,Molson
2022-12-25T16:00,PM2.5,4.7,20,1,St-Dominique
2022-12-25T16:00,PM2.5,4.2,18,1,Saint-Jean-Baptiste
2022-12-25T16:00,PM2.5,5.3,22,1,Longueuil
2022-12-25T16:00,PM2.5,4.8,20,1,Brossard - Parc Sorbonne
2022-12-25T16:00,PM2.5,7.2,30,1,Saint-Simon
2022-12-25T16:00,PM2.5,7.3,30,1,Danbury
2022-12-25T16:00,PM10,12.0,11,1,Danbury
2022-12-25T16:00,PM2.5,6.8,28,1,Saint-Jean-sur-Richelieu - L'Acadie
2022-12-25T16:00,PM2.5,5.9,25,1,Cornwall
2022-12-25T16:00,PM10,10.0,9,1,Cornwall
2022-12-25T16:00,PM2.5,5.4,23,1,Bennington
2022-12-25T16:00,PM2.5,7.4,31,1,PittsfieldES
2022-12-25T16:00,PM2.5,6.1,25,1,Burlington
2022-12-25T16:00,PM2.5,8.5,35,1,Bridgeport
2022-12-25T16:00,PM2.5,9.5,40,1,Holtsville
2022-12-25T16:00,PM2.5,7.1,30,1,Waterbury
2022-12-25T16:00,PM2.5,5.9,25,1,RUTLAND
2022-12-25T16:00,PM2.5,7.9,33,1,New Haven
2022-12-25T16:00,PM10,13.0,12,1,New Haven
2022-12-25T16:00,PM2.5,13.1,53,2,Charette
2022-12-25T16:00,PM2.5,4.9,20,1,Underhill
2022-12-25T16:00,PM2.5,6.2,26,1,Rs. Faun. Ashuapmushuan - Pmonka
2022-12-25T16:00,PM2.5,5.6,23,1,Shawinigan - Saint-Marc
2022-12-25T16:00,PM2.5,6.3,26,1,Granby - Parc Poitevin
2022-12-25T16:00,PM2.5,8.0,33,1,Hartford
2022-12-25T16:00,PM10,23.0,21,1,Hartford
2022-12-25T16:00,PM2.5,5.6,23,1,Saint-Zphirin-de-Courval
2022-12-25T16:00,PM2.5,6.6,28,1,East Hartford
2022-12-25T16:00,PM10,12.0,11,1,East Hartford
2022-12-25T16:00,PM2.5,6.6,28,1,Greenfield
2022-12-25T16:00,PM2.5,9.2,38,1,SPRINGFIELDSP
2022-12-25T16:00,PM2.5,6.0,25,1,CHICOPEE
2022-12-25T16:00,PM2.5,6.2,26,1,Drummondville - Stade Jacques-Desautels
2022-12-25T16:00,PM2.5,3.6,15,1,Bcancour
2022-12-25T16:00,PM2.5,14.6,56,2,WARE
2022-12-25T16:00,PM2.5,5.8,24,1,Lebanon
2022-12-25T16:00,PM2.5,4.4,18,1,Keene
2022-12-25T16:00,PM2.5,6.5,27,1,Groton
2022-12-25T16:00,PM10,12.0,11,1,Groton
2022-12-25T16:00,PM2.5,5.2,22,1,Tingwick
2022-12-25T16:00,PM2.5,5.5,23,1,Miller State Park
2022-12-25T16:00,PM10,9.0,8,1,Miller State Park
2022-12-25T16:00,PM2.5,5.6,23,1,Worcester
2022-12-25T16:00,PM2.5,9.4,39,1,W Greenwich
2022-12-25T16:00,PM2.5,5.6,23,1,Laconia
2022-12-25T16:00,PM2.5,9.5,40,1,Near Road
2022-12-25T16:00,PM2.5,8.5,35,1,Narragansett
2022-12-25T16:00,PM2.5,9.0,38,1,CCRI Providence
2022-12-25T16:00,PM2.5,6.5,27,1,Londonderry - Moose Hill
2022-12-25T16:00,PM10,11.0,10,1,Londonderry - Moose Hill
2022-12-25T16:00,PM2.5,4.6,19,1,E Providence
2022-12-25T16:00,PM2.5,6.3,26,1,ChelmsfordNR
2022-12-25T16:00,PM2.5,5.4,23,1,Qubec - Charlesbourg
2022-12-25T16:00,PM2.5,4.8,20,1,La Patrie - Ditton
2022-12-25T16:00,PM2.5,5.3,22,1,Qubec - Vieux-Limoilou
2022-12-25T16:00,PM2.5,4.8,20,1,Saguenay - Parc Powell
2022-12-25T16:00,PM2.5,6.1,25,1,Fall River
2022-12-25T16:00,PM2.5,5.5,23,1,Lvis - Parc Georges Maranda
2022-12-25T16:00,PM2.5,12.3,51,2,Haverhill
2022-12-25T16:00,PM2.5,7.3,30,1,BOSTON-KENMORE
2022-12-25T16:00,PM2.5,7.0,29,1,Boston - Roxbury
2022-12-25T16:00,PM10,18.0,17,1,Boston - Roxbury
2022-12-25T16:00,PM2.5,7.8,33,1,Boston-Von Hillern
2022-12-25T16:00,PM2.5,6.9,29,1,Chelsea HP
2022-12-25T16:00,PM2.5,11.7,49,1,Brockton
2022-12-25T16:00,PM2.5,6.6,28,1,LYNN
2022-12-25T16:00,PM2.5,6.9,29,1,WeymouthFR
2022-12-25T16:00,PM2.5,6.9,29,1,Portsmouth
2022-12-25T16:00,PM10,13.0,12,1,Portsmouth
2022-12-25T16:00,PM2.5,5.8,24,1,Rumford
2022-12-25T16:00,PM2.5,5.3,22,1,Notre-Dame-du-Rosaire
2022-12-25T16:00,PM2.5,5.3,22,1,Lewiston
2022-12-25T16:00,PM2.5,8.4,35,1,Curacao
2022-12-25T16:00,PM2.5,4.4,18,1,Auclair
2022-12-25T16:00,PM2.5,4.3,18,1,EDMUNDSTON QUEEN ST.
2022-12-25T16:00,PM10,18.0,17,1,Presque Isle Riverside
2022-12-25T16:00,PM2.5,3.1,13,1,Presque Isle Riverside
2022-12-25T16:00,PM2.5,4.9,20,1,ST ANDREWS
2022-12-25T16:00,PM2.5,6.0,25,1,FREDERICTON-NEEDHAM ST.
2022-12-25T16:00,PM2.5,5.1,21,1,SAINT JOHN WEST
2022-12-25T16:00,PM2.5,5.6,23,1,CASTLE ST. SAINT JO
2022-12-25T16:00,PM2.5,5.5,23,1,FOREST HILLS
2022-12-25T16:00,PM2.5,7.2,30,1,BATHURST
2022-12-25T16:00,PM2.5,5.4,23,1,Miramichi
2022-12-25T16:00,PM2.5,4.0,17,1,AYLESFORD MOUNTAIN
2022-12-25T16:00,PM2.5,5.5,23,1,MONCTON
2022-12-25T16:00,PM2.5,4.5,19,1,KENTVILLE
2022-12-25T16:00,PM2.5,4.6,19,1,WELLINGTON
2022-12-25T17:00,PM2.5,1.6,7,1,Plummer CDA Tribe
2022-12-25T17:00,PM10,9.0,8,1,Ft McD Yuma Frank-AZ
