Kapolei,2022-12-29T02:00,20.0,19.0,1.0,5.4,23.0,1.0
Honolulu,2022-12-29T02:00,14.0,13.0,1.0,2.4,10.0,1.0
Laurel,2022-12-29T02:00,11.0,10.0,1.0,,,
Garden,2022-12-29T02:00,12.0,11.0,1.0,8.5,35.0,1.0
Parkgate (Eagle River),2022-12-29T02:00,15.0,14.0,1.0,,,
Butte (Harrison Court),2022-12-29T02:00,15.0,14.0,1.0,9.3,39.0,1.0
NCore,2022-12-29T02:00,13.0,12.0,1.0,10.6,44.0,1.0
BLM-Kaktovik,2022-12-29T02:00,7.0,6.0,1.0,1.6,7.0,1.0
Floyd Dryden,2022-12-29T02:00,8.0,7.0,1.0,6.1,25.0,1.0
Kitimat Riverlodge,2022-12-29T02:00,3.0,3.0,1.0,4.4,18.0,1.0
Smithers Muheim Memorial,2022-12-29T02:00,7.0,6.0,1.0,14.5,56.0,2.0
Burns Lake Fire Centre,2022-12-29T02:00,18.0,17.0,1.0,21.6,71.0,2.0
Jacobs,2022-12-29T02:00,9.0,8.0,1.0,,,
Fort Bragg High School,2022-12-29T02:00,26.0,24.0,1.0,,,
Vancouver Airport,2022-12-29T02:00,8.0,7.0,1.0,4.1,17.0,1.0
Burnaby North,2022-12-29T02:00,7.0,6.0,1.0,,,
Burnaby South,2022-12-29T02:00,6.0,6.0,1.0,0.9,4.0,1.0
Kensington Park,2022-12-29T02:00,7.0,6.0,1.0,1.7,7.0,1.0
PRG Plaza 400,2022-12-29T02:00,21.0,19.0,1.0,18.4,64.0,2.0
Langley,2022-12-29T02:00,5.0,5.0,1.0,5.2,22.0,1.0
Quesnel Johnston Avenue,2022-12-29T02:00,14.0,13.0,1.0,4.1,17.0,1.0
Abbotsford Airport,2022-12-29T02:00,5.0,5.0,1.0,2.5,10.0,1.0
Abbotsford,2022-12-29T02:00,5.0,5.0,1.0,4.2,18.0,1.0
Willows-Colusa,2022-12-29T02:00,12.0,11.0,1.0,12.2,51.0,2.0
Williams Lake Columneetza School,2022-12-29T02:00,11.0,10.0,1.0,10.2,43.0,1.0
Colusa - Sunrise Blvd.,2022-12-29T02:00,4.0,4.0,1.0,7.2,30.0,1.0
Chilliwack,2022-12-29T02:00,9.0,8.0,1.0,8.4,35.0,1.0
Chico -  East,2022-12-29T02:00,22.0,20.0,1.0,10.0,42.0,1.0
Yuba City,2022-12-29T02:00,15.0,14.0,1.0,11.0,46.0,1.0
San Juan Bautista AMS,2022-12-29T02:00,19.0,18.0,1.0,,,
Hope,2022-12-29T02:00,6.0,6.0,1.0,1.8,8.0,1.0
Downtown Sacramento - T Street,2022-12-29T02:00,14.0,13.0,1.0,6.3,26.0,1.0
TracyAP,2022-12-29T02:00,16.0,15.0,1.0,2.8,12.0,1.0
Hollister AMS,2022-12-29T02:00,11.0,10.0,1.0,4.1,17.0,1.0
Roseville - N.Sunrise/Douglas,2022-12-29T02:00,18.0,17.0,1.0,9.3,39.0,1.0
Manteca,2022-12-29T02:00,15.0,14.0,1.0,4.8,20.0,1.0
King City AMS,2022-12-29T02:00,17.0,16.0,1.0,3.1,13.0,1.0
FORT ST JOHN LEARNING CENTRE,2022-12-29T02:00,11.0,10.0,1.0,8.3,35.0,1.0
Turlock - S. Minaret Street,2022-12-29T02:00,26.0,24.0,1.0,12.3,51.0,2.0
San Andreas,2022-12-29T02:00,7.0,6.0,1.0,4.5,19.0,1.0
Paso Robles - Santa Fe Ave,2022-12-29T02:00,11.0,10.0,1.0,,,
SLO Roberto,2022-12-29T02:00,20.0,19.0,1.0,9.9,41.0,1.0
Nipomo Mesa CDF,2022-12-29T02:00,41.0,38.0,1.0,9.0,38.0,1.0
Mesa 2 /Nipomo,2022-12-29T02:00,34.0,31.0,1.0,8.1,34.0,1.0
Yakima-4th Ave,2022-12-29T02:00,25.0,23.0,1.0,8.7,36.0,1.0
Nipomo RP,2022-12-29T02:00,27.0,25.0,1.0,,,
Merced-M St,2022-12-29T02:00,22.0,20.0,1.0,8.2,34.0,1.0
Lompoc H Street,2022-12-29T02:00,24.0,22.0,1.0,7.6,32.0,1.0
Santa Maria,2022-12-29T02:00,19.0,18.0,1.0,7.8,33.0,1.0
Las Flores Canyon,2022-12-29T02:00,13.0,12.0,1.0,,,
Madera-City,2022-12-29T02:00,16.0,15.0,1.0,7.5,31.0,1.0
South Lake Tahoe - Sandy Way,2022-12-29T02:00,6.0,6.0,1.0,,,
Goleta,2022-12-29T02:00,15.0,14.0,1.0,3.2,13.0,1.0
Reno4,2022-12-29T02:00,6.0,6.0,1.0,0.2,1.0,1.0
Fresno - Garland,2022-12-29T02:00,25.0,23.0,1.0,7.0,29.0,1.0
Santa Rosa Rancheria,2022-12-29T02:00,21.0,19.0,1.0,,,
Sparks,2022-12-29T02:00,8.0,7.0,1.0,3.4,14.0,1.0
Fresno - Drummond Street,2022-12-29T02:00,29.0,27.0,1.0,,,
Toll,2022-12-29T02:00,19.0,18.0,1.0,1.1,5.0,1.0
Clovis - N. Villa Ave,2022-12-29T02:00,17.0,16.0,1.0,4.8,20.0,1.0
Santa Barbara,2022-12-29T02:00,14.0,13.0,1.0,8.0,33.0,1.0
Hanford - S. Irwin Street,2022-12-29T02:00,21.0,19.0,1.0,8.7,36.0,1.0
Corcoran,2022-12-29T02:00,20.0,19.0,1.0,7.7,32.0,1.0
Kelowna KLO Road,2022-12-29T02:00,11.0,10.0,1.0,5.2,22.0,1.0
Wadsworth-NV,2022-12-29T02:00,0.0,0.0,1.0,,,
Vernon Science Centre,2022-12-29T02:00,22.0,20.0,1.0,9.0,38.0,1.0
Kennewick-Metaline,2022-12-29T02:00,2.0,2.0,1.0,0.5,2.0,1.0
El Rio - Rio Mesa School #2,2022-12-29T02:00,14.0,13.0,1.0,3.3,14.0,1.0
Lee Vining,2022-12-29T02:00,5.0,5.0,1.0,2.0,8.0,1.0
Burbank-Maple Street,2022-12-29T02:00,4.0,4.0,1.0,0.2,1.0,1.0
Mammoth Lakes,2022-12-29T02:00,6.0,6.0,1.0,,,
Bishop Paiute Tribe-CA,2022-12-29T02:00,11.0,10.0,1.0,11.4,48.0,1.0
NCORE - Bishop,2022-12-29T02:00,2.0,2.0,1.0,0.3,1.0,1.0
Los Angeles - N. Main Street,2022-12-29T02:00,14.0,13.0,1.0,5.2,22.0,1.0
Long Beach Signal Hill,2022-12-29T02:00,11.0,10.0,1.0,2.0,8.0,1.0
Mojave - CA 58 Business,2022-12-29T02:00,5.0,5.0,1.0,2.8,12.0,1.0
Lone Pine,2022-12-29T02:00,15.0,14.0,1.0,,,
Olancha,2022-12-29T02:00,4.0,4.0,1.0,,,
Bill Stanley,2022-12-29T02:00,1.0,1.0,1.0,,,
North Beach,2022-12-29T02:00,5.0,5.0,1.0,,,
Coso Junction,2022-12-29T02:00,6.0,6.0,1.0,,,
Lizard Tail,2022-12-29T02:00,3.0,3.0,1.0,,,
Anaheim,2022-12-29T02:00,15.0,14.0,1.0,1.6,7.0,1.0
Colville-E 1st St,2022-12-29T02:00,7.0,6.0,1.0,4.7,20.0,1.0
Shell Cut,2022-12-29T02:00,3.0,3.0,1.0,,,
Keeler,2022-12-29T02:00,33.0,31.0,1.0,4.2,18.0,1.0
Mill Site,2022-12-29T02:00,2.0,2.0,1.0,,,
Glendora - Laurel,2022-12-29T02:00,11.0,10.0,1.0,3.6,15.0,1.0
Castlegar Zinio Park,2022-12-29T02:00,8.0,7.0,1.0,3.1,13.0,1.0
Upland,2022-12-29T02:00,12.0,11.0,1.0,10.9,45.0,1.0
Cheney-Turnbull (SO),2022-12-29T02:00,1.0,1.0,1.0,0.3,1.0,1.0
Mira Loma - Van Buren,2022-12-29T02:00,16.0,15.0,1.0,5.2,22.0,1.0
Riverside - Rubidoux,2022-12-29T02:00,15.0,14.0,1.0,2.2,9.0,1.0
Trona - Athol and Telegraph,2022-12-29T02:00,14.0,13.0,1.0,,,
Spokane-Augusta Ave,2022-12-29T02:00,6.0,6.0,1.0,3.6,15.0,1.0
Lake Elsinore - W. Flint Street,2022-12-29T02:00,5.0,5.0,1.0,2.1,9.0,1.0
Victorville - Park Avenue,2022-12-29T02:00,12.0,11.0,1.0,4.3,18.0,1.0
Hesperia - Olive Street,2022-12-29T02:00,11.0,10.0,1.0,,,
Spokane-E Broadway Ave,2022-12-29T02:00,1.0,1.0,1.0,0.0,0.0,1.0
Golden Helipad,2022-12-29T02:00,14.0,13.0,1.0,7.6,32.0,1.0
Lucerne Valley,2022-12-29T02:00,9.0,8.0,1.0,,,
Nampa Fire Station,2022-12-29T02:00,13.0,12.0,1.0,2.0,8.0,1.0
Sandpoint U of I,2022-12-29T02:00,1.0,1.0,1.0,1.7,7.0,1.0
Palm Springs - Fire Station,2022-12-29T02:00,7.0,6.0,1.0,,,
Garden City,2022-12-29T02:00,15.0,14.0,1.0,2.0,8.0,1.0
Pinehurst,2022-12-29T02:00,6.0,6.0,1.0,0.0,0.0,1.0
Pinehurst,2022-12-29T02:00,6.0,6.0,1.0,10.1,42.0,1.0
Torres Martinez Administration,2022-12-29T02:00,37.0,34.0,1.0,,,
Saul Martinez,2022-12-29T02:00,23.0,21.0,1.0,,,
Salton Sea Beach,2022-12-29T02:00,37.0,34.0,1.0,5.9,25.0,1.0
Glen Oaks,2022-12-29T02:00,8.0,7.0,1.0,,,
Church,2022-12-29T02:00,15.0,14.0,1.0,,,
Elko,2022-12-29T02:00,5.0,5.0,1.0,,,
Westmorland - 570 Cook St,2022-12-29T02:00,17.0,16.0,1.0,,,
El Centro - 9th Street,2022-12-29T02:00,32.0,30.0,1.0,11.6,48.0,1.0
Libby Courthouse,2022-12-29T02:00,25.0,23.0,1.0,18.9,65.0,2.0
Niland - English Road,2022-12-29T02:00,9.0,8.0,1.0,,,
Brawley - 220 Main Street,2022-12-29T02:00,14.0,13.0,1.0,2.7,11.0,1.0
Calexico - Ethel Street,2022-12-29T02:00,23.0,21.0,1.0,9.5,40.0,1.0
Jean,2022-12-29T02:00,5.0,5.0,1.0,0.6,3.0,1.0
Palo Verde,2022-12-29T02:00,10.0,9.0,1.0,1.9,8.0,1.0
Thompson Falls HS,2022-12-29T02:00,15.0,14.0,1.0,8.8,37.0,1.0
Mountains Edge,2022-12-29T02:00,6.0,6.0,1.0,0.9,4.0,1.0
Walter Johnson,2022-12-29T02:00,13.0,12.0,1.0,2.8,12.0,1.0
Paul Meyer,2022-12-29T02:00,12.0,11.0,1.0,2.6,11.0,1.0
Joe Neal,2022-12-29T02:00,11.0,10.0,1.0,1.2,5.0,1.0
Liberty High School,2022-12-29T02:00,9.0,8.0,1.0,1.8,8.0,1.0
Sunrise Acres,2022-12-29T02:00,13.0,12.0,1.0,1.9,8.0,1.0
Walnut Rec.,2022-12-29T02:00,12.0,11.0,1.0,1.6,7.0,1.0
Jerome Mack,2022-12-29T02:00,12.0,11.0,1.0,2.6,11.0,1.0
GreenValley,2022-12-29T02:00,12.0,11.0,1.0,3.0,13.0,1.0
Elkford Rocky Mountain Elementary School,2022-12-29T02:00,1.0,1.0,1.0,1.6,7.0,1.0
Sparwood Centennial Square,2022-12-29T02:00,1.0,1.0,1.0,0.6,3.0,1.0
Garrett Jr. High,2022-12-29T02:00,9.0,8.0,1.0,3.3,14.0,1.0
Yuma Supersite,2022-12-29T02:00,13.0,12.0,1.0,1.4,6.0,1.0
Bullhead City,2022-12-29T02:00,11.0,10.0,1.0,,,
Kalispell Flathead Electric,2022-12-29T02:00,7.0,6.0,1.0,,,
Columbia Falls,2022-12-29T02:00,0.0,0.0,1.0,0.2,1.0,1.0
Virgin Valley,2022-12-29T02:00,6.0,6.0,1.0,1.2,5.0,1.0
Missoula Boyd Park,2022-12-29T02:00,3.0,3.0,1.0,2.1,9.0,1.0
Alamo Lake,2022-12-29T02:00,1.0,1.0,1.0,1.8,8.0,1.0
Ajo,2022-12-29T02:00,5.0,5.0,1.0,,,
Buckeye,2022-12-29T02:00,15.0,14.0,1.0,,,
Butte Greely School,2022-12-29T02:00,4.0,4.0,1.0,0.0,0.0,1.0
Pocatello Garrett and Gould,2022-12-29T02:00,0.0,0.0,1.0,0.0,0.0,1.0
Dysart,2022-12-29T02:00,12.0,11.0,1.0,,,
Zuni Hills,2022-12-29T02:00,10.0,9.0,1.0,,,
Glendale Community College,2022-12-29T02:00,7.0,6.0,1.0,7.0,29.0,1.0
West 43rd,2022-12-29T02:00,14.0,13.0,1.0,,,
West Phoenix,2022-12-29T02:00,11.0,10.0,1.0,8.2,34.0,1.0
Durango Complex,2022-12-29T02:00,9.0,8.0,1.0,3.0,13.0,1.0
Phoenix JLG Supersite,2022-12-29T02:00,11.0,10.0,1.0,6.0,25.0,1.0
South Phoenix,2022-12-29T02:00,7.0,6.0,1.0,5.3,22.0,1.0
North Phoenix,2022-12-29T02:00,6.0,6.0,1.0,5.0,21.0,1.0
Maricopa,2022-12-29T02:00,7.0,6.0,1.0,,,
Central Phoenix,2022-12-29T02:00,10.0,9.0,1.0,,,
Hidden Valley,2022-12-29T02:00,8.0,7.0,1.0,0.8,3.0,1.0
Herriman #3,2022-12-29T02:00,7.0,6.0,1.0,2.1,9.0,1.0
Harrisville,2022-12-29T02:00,0.0,0.0,1.0,0.8,3.0,1.0
Stanfield,2022-12-29T02:00,7.0,6.0,1.0,,,
Tempe,2022-12-29T02:00,6.0,6.0,1.0,5.3,22.0,1.0
South Scottsdale,2022-12-29T02:00,12.0,11.0,1.0,,,
West Chandler Fire Station,2022-12-29T02:00,9.0,8.0,1.0,,,
Hawthorne,2022-12-29T02:00,4.0,4.0,1.0,2.1,9.0,1.0
Mesa - Brooks Reservoir,2022-12-29T02:00,5.0,5.0,1.0,3.8,16.0,1.0
Senior Center,2022-12-29T02:00,4.0,4.0,1.0,,,
High School,2022-12-29T02:00,6.0,6.0,1.0,,,
LEHI,2022-12-29T02:00,7.0,6.0,1.0,,,
Casa Grande Downtown,2022-12-29T02:00,6.0,6.0,1.0,2.1,9.0,1.0
Higley,2022-12-29T02:00,7.0,6.0,1.0,,,
Lindon,2022-12-29T02:00,6.0,6.0,1.0,0.6,3.0,1.0
Ft McD Yuma Frank-AZ,2022-12-29T02:00,7.0,6.0,1.0,,,
Pinal County Housing,2022-12-29T02:00,4.0,4.0,1.0,,,
COMBS,2022-12-29T02:00,5.0,5.0,1.0,,,
Eloy,2022-12-29T02:00,6.0,6.0,1.0,,,
Apache Junction,2022-12-29T02:00,4.0,4.0,1.0,,,
Payson Well Site,2022-12-29T02:00,2.0,2.0,1.0,,,
Pinal Air Park,2022-12-29T02:00,5.0,5.0,1.0,,,
Rillito,2022-12-29T02:00,12.0,11.0,1.0,,,
Orange Grove,2022-12-29T02:00,3.0,3.0,1.0,6.3,26.0,1.0
Green Valley,2022-12-29T02:00,0.0,0.0,1.0,0.0,0.0,1.0
South Tucson,2022-12-29T02:00,12.0,11.0,1.0,,,
Geronimo,2022-12-29T02:00,10.0,9.0,1.0,4.1,17.0,1.0
Nogales ITN,2022-12-29T02:00,6.0,6.0,1.0,2.5,10.0,1.0
Nogales Post Office,2022-12-29T02:00,9.0,8.0,1.0,5.5,23.0,1.0
Jackson SLAMS,2022-12-29T02:00,0.0,0.0,1.0,,,
Corona de Tucson,2022-12-29T02:00,4.0,4.0,1.0,,,
Hayden,2022-12-29T02:00,3.0,3.0,1.0,,,
Kemmerer Mobile,2022-12-29T02:00,4.0,4.0,1.0,0.0,0.0,1.0
Daniel South,2022-12-29T02:00,5.0,5.0,1.0,,,
Moxa Arch,2022-12-29T02:00,5.0,5.0,1.0,,,
Boulder,2022-12-29T02:00,0.0,0.0,1.0,,,
Paul Spur Chemical Lime Plant,2022-12-29T02:00,6.0,6.0,1.0,,,
Douglas Red Cross,2022-12-29T02:00,21.0,19.0,1.0,,,
Lewistown,2022-12-29T02:00,2.0,2.0,1.0,0.6,3.0,1.0
Substation,2022-12-29T02:00,2.0,2.0,1.0,,,
Riverton Mobile,2022-12-29T02:00,2.0,2.0,1.0,4.5,19.0,1.0
Wamsutter,2022-12-29T02:00,1.0,1.0,1.0,,,
Ute 3,2022-12-29T02:00,0.0,0.0,1.0,0.2,1.0,1.0
Malta,2022-12-29T02:00,20.0,19.0,1.0,5.1,21.0,1.0
7E Deming Airport,2022-12-29T02:00,21.0,19.0,1.0,,,
Ute 1,2022-12-29T02:00,7.0,6.0,1.0,5.1,21.0,1.0
Sheridan PD,2022-12-29T02:00,6.0,6.0,1.0,10.7,45.0,1.0
Holman Rd,2022-12-29T02:00,57.0,52.0,2.0,,,
South Valley,2022-12-29T02:00,5.0,5.0,1.0,,,
Jefferson,2022-12-29T02:00,5.0,5.0,1.0,1.3,5.0,1.0
North Valley,2022-12-29T02:00,3.0,3.0,1.0,1.5,6.0,1.0
Anthony,2022-12-29T02:00,84.0,65.0,2.0,3.4,14.0,1.0
Del Norte,2022-12-29T02:00,5.0,5.0,1.0,,,
Desert View,2022-12-29T02:00,56.0,51.0,2.0,,,
West Mesa,2022-12-29T02:00,29.0,27.0,1.0,,,
Johnson County,2022-12-29T02:00,5.0,5.0,1.0,,,
Tramway,2022-12-29T02:00,5.0,5.0,1.0,2.6,11.0,1.0
Socorro Hueco C49,2022-12-29T02:00,194.0,120.0,3.0,11.6,48.0,1.0
Miles City,2022-12-29T02:00,4.0,4.0,1.0,4.4,18.0,1.0
Laramie I-80 Mobile,2022-12-29T02:00,14.0,13.0,1.0,0.4,2.0,1.0
Broadus,2022-12-29T02:00,10.0,9.0,1.0,0.0,0.0,1.0
Ft. Collins - CSU Facilities,2022-12-29T02:00,4.0,4.0,1.0,2.7,11.0,1.0
La Casa NCORE - 4545 Navajo St.,2022-12-29T02:00,11.0,10.0,1.0,3.4,14.0,1.0
Denver Swansea Elementary School,2022-12-29T02:00,6.0,6.0,1.0,,,
Welby - 78th Ave. & Steele St.,2022-12-29T02:00,9.0,8.0,1.0,,,
Denver - NJH - 14th Ave. & Albion St.,2022-12-29T02:00,9.0,8.0,1.0,2.7,11.0,1.0
Cheyenne NCore,2022-12-29T02:00,4.0,4.0,1.0,5.0,21.0,1.0
Sidney 201,2022-12-29T02:00,8.0,7.0,1.0,2.4,10.0,1.0
Yoder,2022-12-29T02:00,17.0,16.0,1.0,5.8,24.0,1.0
Black Hawk,2022-12-29T02:00,10.0,9.0,1.0,,,
Credit Union,2022-12-29T02:00,58.0,52.0,2.0,8.9,37.0,1.0
Loma Dorada,2022-12-29T02:00,73.0,60.0,2.0,,,
Lake Ilo,2022-12-29T02:00,0.0,0.0,1.0,0.0,0.0,1.0
Badlands,2022-12-29T02:00,2.0,2.0,1.0,0.0,0.0,1.0
Estación Purísima del Rincón,2022-12-29T02:00,20.0,19.0,1.0,,,
Goodland,2022-12-29T02:00,15.0,14.0,1.0,,,
Estación Facultad de Medicina,2022-12-29T02:00,41.0,38.0,1.0,18.2,64.0,2.0
Estación CICEG,2022-12-29T02:00,52.0,48.0,1.0,23.4,75.0,2.0
Estación Hospital General,2022-12-29T02:00,37.0,34.0,1.0,,,
Estación Secundaria,2022-12-29T02:00,37.0,34.0,1.0,,,
Estación Bomberos,2022-12-29T02:00,41.0,38.0,1.0,15.5,58.0,2.0
Estación DIF,2022-12-29T02:00,39.0,36.0,1.0,,,
Estación Cruz Roja,2022-12-29T02:00,24.0,22.0,1.0,,,
Estación Nativitas,2022-12-29T02:00,46.0,43.0,1.0,,,
Estación San Juanico,2022-12-29T02:00,46.0,43.0,1.0,20.6,69.0,2.0
Estación Seguridad Pública,2022-12-29T02:00,43.0,40.0,1.0,15.7,59.0,2.0
Estación Tecnológico,2022-12-29T02:00,49.0,45.0,1.0,,,
Dodge City,2022-12-29T02:00,39.0,36.0,1.0,,,
Cedar Bluff,2022-12-29T02:00,29.0,27.0,1.0,4.3,18.0,1.0
Aberdeen,2022-12-29T02:00,15.0,14.0,1.0,8.6,36.0,1.0
Lawton North,2022-12-29T02:00,25.0,23.0,1.0,5.9,25.0,1.0
Near Road OKC,2022-12-29T02:00,5.0,5.0,1.0,1.1,5.0,1.0
Moore,2022-12-29T02:00,32.0,30.0,1.0,7.6,32.0,1.0
Healdton,2022-12-29T02:00,19.0,18.0,1.0,5.4,23.0,1.0
North OKC,2022-12-29T02:00,31.0,29.0,1.0,6.6,28.0,1.0
PECK,2022-12-29T02:00,48.0,44.0,1.0,7.5,31.0,1.0
WHlthDpt,2022-12-29T02:00,47.0,44.0,1.0,8.3,35.0,1.0
Watertown,2022-12-29T02:00,13.0,12.0,1.0,8.8,37.0,1.0
Ponca City,2022-12-29T02:00,28.0,26.0,1.0,6.8,28.0,1.0
Research Farm,2022-12-29T02:00,9.0,8.0,1.0,,,
WWTP BAM,2022-12-29T02:00,11.0,10.0,1.0,,,
Glenpool,2022-12-29T02:00,17.0,16.0,1.0,5.5,23.0,1.0
Tulsa,2022-12-29T02:00,26.0,24.0,1.0,6.6,28.0,1.0
NCORE,2022-12-29T02:00,18.0,17.0,1.0,5.7,24.0,1.0
NCORE,2022-12-29T02:00,18.0,17.0,1.0,3.5,15.0,1.0
NCORE,2022-12-29T02:00,9.0,8.0,1.0,5.7,24.0,1.0
NCORE,2022-12-29T02:00,9.0,8.0,1.0,3.5,15.0,1.0
McAlester,2022-12-29T02:00,14.0,13.0,1.0,6.7,28.0,1.0
KNI-Topeka,2022-12-29T02:00,23.0,21.0,1.0,6.7,28.0,1.0
Union,2022-12-29T02:00,20.0,19.0,1.0,8.9,37.0,1.0
Chanute,2022-12-29T02:00,28.0,26.0,1.0,10.4,43.0,1.0
St. Joseph,2022-12-29T02:00,39.0,36.0,1.0,8.0,33.0,1.0
Heritage Park,2022-12-29T02:00,22.0,20.0,1.0,8.1,34.0,1.0
STILWELL CASTNET & NCORE,2022-12-29T02:00,16.0,15.0,1.0,10.5,44.0,1.0
Troost,2022-12-29T02:00,25.0,23.0,1.0,8.3,35.0,1.0
Front Street,2022-12-29T02:00,26.0,24.0,1.0,,,
Carthage,2022-12-29T02:00,20.0,19.0,1.0,10.4,43.0,1.0
Hillcrest HS,2022-12-29T02:00,29.0,27.0,1.0,6.2,26.0,1.0
Minneapolis-Pacific St,2022-12-29T02:00,15.0,14.0,1.0,,,
Minneapolis-Lowry Ave,2022-12-29T02:00,12.0,11.0,1.0,,,
Minneapolis - Bottineau/Marshall Terrace,2022-12-29T02:00,18.0,17.0,1.0,,,
Blaine,2022-12-29T02:00,10.0,9.0,1.0,,,
St. Paul - Downtown,2022-12-29T02:00,11.0,10.0,1.0,,,
Mark Twain SP,2022-12-29T02:00,13.0,12.0,1.0,,,
Eau Claire,2022-12-29T02:00,14.0,13.0,1.0,10.1,42.0,1.0
Buffalo,2022-12-29T02:00,23.0,21.0,1.0,8.9,37.0,1.0
Arnold West,2022-12-29T02:00,11.0,10.0,1.0,4.9,20.0,1.0
Blair Street,2022-12-29T02:00,16.0,15.0,1.0,3.7,15.0,1.0
Branch Street,2022-12-29T02:00,23.0,21.0,1.0,3.8,16.0,1.0
Jackson NCORE,2022-12-29T02:00,13.0,12.0,1.0,7.0,29.0,1.0
Devils Lake,2022-12-29T02:00,15.0,14.0,1.0,11.1,46.0,1.0
Madison University Ave,2022-12-29T02:00,17.0,16.0,1.0,12.6,52.0,2.0
Horicon Wildlife Area,2022-12-29T02:00,14.0,13.0,1.0,9.7,40.0,1.0
WAUKESHA - CLEVELAND AVE,2022-12-29T02:00,15.0,14.0,1.0,9.8,41.0,1.0
MILWAUKEE COLLEGE AVE.-NR,2022-12-29T02:00,21.0,19.0,1.0,10.9,45.0,1.0
Evansville-Buena Vista,2022-12-29T02:00,15.0,14.0,1.0,9.7,40.0,1.0
Gary-IITRI,2022-12-29T02:00,20.0,19.0,1.0,,,
Ellyson Industrial Park,2022-12-29T02:00,19.0,18.0,1.0,8.4,35.0,1.0
Portage-Hwy 12,2022-12-29T02:00,17.0,16.0,1.0,,,
WYLAM,2022-12-29T02:00,14.0,13.0,1.0,10.3,43.0,1.0
NO. BHAM,2022-12-29T02:00,20.0,19.0,1.0,11.0,46.0,1.0
Shuttlesworth,2022-12-29T02:00,11.0,10.0,1.0,10.4,43.0,1.0
Indpls-Washington Park,2022-12-29T02:00,20.0,19.0,1.0,12.0,50.0,1.0
WATSON,2022-12-29T02:00,42.0,39.0,1.0,8.8,37.0,1.0
JENISON,2022-12-29T02:00,18.0,17.0,1.0,12.5,52.0,2.0
Algonquin Parkway,2022-12-29T02:00,23.0,21.0,1.0,8.4,35.0,1.0
Near Road,2022-12-29T02:00,30.0,28.0,1.0,10.8,45.0,1.0
Near Road,2022-12-29T02:00,30.0,28.0,1.0,5.2,22.0,1.0
Near Road,2022-12-29T02:00,30.0,28.0,1.0,12.9,53.0,2.0
GRAND RAPIDS,2022-12-29T02:00,22.0,20.0,1.0,16.0,59.0,2.0
Cannons Lane,2022-12-29T02:00,16.0,15.0,1.0,7.2,30.0,1.0
Carrithers Middle School,2022-12-29T02:00,13.0,12.0,1.0,7.1,30.0,1.0
Rossville-Williams St,2022-12-29T02:00,49.0,45.0,1.0,26.9,82.0,2.0
Columbus Airport,2022-12-29T02:00,18.0,17.0,1.0,11.9,50.0,1.0
Taft NCore,2022-12-29T02:00,17.0,16.0,1.0,9.1,38.0,1.0
South DeKalb,2022-12-29T02:00,22.0,20.0,1.0,16.8,61.0,2.0
Gwinnett Tech,2022-12-29T02:00,24.0,22.0,1.0,16.4,60.0,2.0
Gainesville,2022-12-29T02:00,40.0,37.0,1.0,26.5,81.0,2.0
Warner Robins,2022-12-29T02:00,16.0,15.0,1.0,9.8,41.0,1.0
Macon Forestry,2022-12-29T02:00,14.0,13.0,1.0,8.7,36.0,1.0
DEARBORN,2022-12-29T02:00,12.0,11.0,1.0,16.8,61.0,2.0
Sandersville,2022-12-29T02:00,65.0,56.0,2.0,42.1,117.0,3.0
Paw Park,2022-12-29T02:00,12.0,11.0,1.0,,,
DAVIS ISLAND,2022-12-29T02:00,37.0,34.0,1.0,,,
Greenville-ESC,2022-12-29T02:00,38.0,35.0,1.0,27.3,83.0,2.0
GARDINIER,2022-12-29T02:00,39.0,36.0,1.0,,,
Augusta,2022-12-29T02:00,32.0,30.0,1.0,23.1,74.0,2.0
Fl. Baptist Children's Home,2022-12-29T02:00,17.0,16.0,1.0,5.8,24.0,1.0
GT Craig NCore,2022-12-29T02:00,20.0,19.0,1.0,,,
Palatka,2022-12-29T02:00,20.0,19.0,1.0,,,
Kooker Park,2022-12-29T02:00,22.0,20.0,1.0,14.1,55.0,2.0
Mandarin,2022-12-29T02:00,17.0,16.0,1.0,10.7,45.0,1.0
Brunswick,2022-12-29T02:00,14.0,13.0,1.0,8.6,36.0,1.0
Seminole Community College (AG COMP),2022-12-29T02:00,13.0,12.0,1.0,5.2,22.0,1.0
Savannah L&A,2022-12-29T02:00,25.0,23.0,1.0,8.4,35.0,1.0
Cayce City Hall,2022-12-29T02:00,23.0,21.0,1.0,,,
Blind Services; 1185-A Dunn Ave,2022-12-29T02:00,16.0,15.0,1.0,7.8,33.0,1.0
Ramblewood Park,2022-12-29T02:00,29.0,27.0,1.0,,,
GARINGER,2022-12-29T02:00,23.0,21.0,1.0,16.2,60.0,2.0
Melbourne,2022-12-29T02:00,9.0,8.0,1.0,4.1,17.0,1.0
HATTIEAVEN,2022-12-29T02:00,27.0,25.0,1.0,17.1,62.0,2.0
Delray Beach,2022-12-29T02:00,10.0,9.0,1.0,3.9,16.0,1.0
MENDNHAL,2022-12-29T02:00,20.0,19.0,1.0,8.3,35.0,1.0
W OWEN SCH,2022-12-29T02:00,21.0,19.0,1.0,,,
Durham Armory,2022-12-29T02:00,25.0,23.0,1.0,12.9,53.0,2.0
Burdens Creek,2022-12-29T02:00,20.0,19.0,1.0,12.1,51.0,2.0
Millbrook NCore,2022-12-29T02:00,26.0,24.0,1.0,18.4,64.0,2.0
LESTER BUILDING SYSTEMS  NEAR REST,2022-12-29T02:00,26.0,24.0,1.0,13.5,54.0,2.0
CASTLE H,2022-12-29T02:00,10.0,9.0,1.0,7.7,32.0,1.0
MATH & SCIENCE CTR,2022-12-29T02:00,22.0,20.0,1.0,15.3,58.0,2.0
FRANCONIA,2022-12-29T02:00,21.0,19.0,1.0,17.7,63.0,2.0
HAMPTON,2022-12-29T02:00,14.0,13.0,1.0,9.2,38.0,1.0
Princess Anne,2022-12-29T02:00,13.0,12.0,1.0,8.1,34.0,1.0
Pocomoke City,2022-12-29T02:00,17.0,16.0,1.0,5.8,24.0,1.0
NEW,2022-12-29T02:00,26.0,24.0,1.0,15.4,58.0,2.0
Bronx - IS52,2022-12-29T02:00,24.0,22.0,1.0,14.6,56.0,2.0
Danbury,2022-12-29T02:00,33.0,31.0,1.0,22.0,72.0,2.0
Cornwall,2022-12-29T02:00,19.0,18.0,1.0,13.4,54.0,2.0
Cornwall,2022-12-29T02:00,19.0,18.0,1.0,12.5,52.0,2.0
New Haven,2022-12-29T02:00,18.0,17.0,1.0,10.9,45.0,1.0
Hartford,2022-12-29T02:00,30.0,28.0,1.0,16.5,60.0,2.0
East Hartford,2022-12-29T02:00,23.0,21.0,1.0,14.1,55.0,2.0
Groton,2022-12-29T02:00,14.0,13.0,1.0,7.7,32.0,1.0
Miller State Park,2022-12-29T02:00,16.0,15.0,1.0,11.5,48.0,1.0
Londonderry - Moose Hill,2022-12-29T02:00,25.0,23.0,1.0,14.2,55.0,2.0
Boston - Roxbury,2022-12-29T02:00,24.0,22.0,1.0,13.3,54.0,2.0
Portsmouth,2022-12-29T02:00,47.0,44.0,1.0,24.0,76.0,2.0
Madawaska PSB,2022-12-29T02:00,21.0,19.0,1.0,,,
Presque Isle Riverside,2022-12-29T02:00,8.0,7.0,1.0,5.9,25.0,1.0
Ft McD Yuma Frank-AZ,2022-12-29T03:00,7.0,6.0,1.0,,,
SAND ISLAND 2 - ANUENUE FISHERIES,2022-12-29T02:00,,,,3.2,13.0,1.0
KAHULUI,2022-12-29T02:00,,,,6.4,27.0,1.0
Kailua-Kona,2022-12-29T02:00,,,,4.7,20.0,1.0
Kona,2022-12-29T02:00,,,,4.0,17.0,1.0
Waikoloa-21,2022-12-29T02:00,,,,4.0,17.0,1.0
Ocean View,2022-12-29T02:00,,,,2.2,9.0,1.0
Naalehu,2022-12-29T02:00,,,,4.9,20.0,1.0
Pahala,2022-12-29T02:00,,,,5.9,25.0,1.0
Hilo,2022-12-29T02:00,,,,1.7,7.0,1.0
Mountain View,2022-12-29T02:00,,,,3.0,13.0,1.0
KS Hawaii,2022-12-29T02:00,,,,3.0,13.0,1.0
A Street,2022-12-29T02:00,,,,10.6,44.0,1.0
Hurst Road,2022-12-29T02:00,,,,5.7,24.0,1.0
Kitimat Haul Road,2022-12-29T02:00,,,,1.8,8.0,1.0
Kitimat Haisla Village,2022-12-29T02:00,,,,0.5,2.0,1.0
TERRACE SKEENA MIDDLE SCHOOL,2022-12-29T02:00,,,,13.5,54.0,2.0
Courtenay Elementary School,2022-12-29T02:00,,,,9.9,41.0,1.0
Port Alberni Elementary,2022-12-29T02:00,,,,6.1,25.0,1.0
Cheeka Peak,2022-12-29T02:00,,,,1.6,7.0,1.0
Neah Bay 2-Makah Tribe,2022-12-29T02:00,,,,4.1,17.0,1.0
Powell River James T,2022-12-29T02:00,,,,3.1,13.0,1.0
Coos Bay Marshfield HS,2022-12-29T02:00,,,,3.0,13.0,1.0
Crescent City,2022-12-29T02:00,,,,7.4,31.0,1.0
Florence-Department of Forestry,2022-12-29T02:00,,,,3.4,14.0,1.0
Nanaimo Labieux Road,2022-12-29T02:00,,,,2.0,8.0,1.0
Toledo NE Hwy20 & NW A St,2022-12-29T02:00,,,,2.0,8.0,1.0
Aberdeen-Division St,2022-12-29T02:00,,,,3.8,16.0,1.0
Tillamook Jr High School,2022-12-29T02:00,,,,11.0,46.0,1.0
Raymond-4th St,2022-12-29T02:00,,,,4.1,17.0,1.0
Duncan College Street,2022-12-29T02:00,,,,10.9,45.0,1.0
MMCA82062,2022-12-29T02:00,,,,3.7,15.0,1.0
Cave Junction Forest Service,2022-12-29T02:00,,,,9.2,38.0,1.0
MMCA81046,2022-12-29T02:00,,,,3.3,14.0,1.0
Colwood City Hall,2022-12-29T02:00,,,,0.8,3.0,1.0
Langdale Elementary,2022-12-29T02:00,,,,2.1,9.0,1.0
Port Angeles-E 5th St,2022-12-29T02:00,,,,32.9,95.0,2.0
MMCA82001,2022-12-29T02:00,,,,12.4,52.0,2.0
Roseburg Fire Dept,2022-12-29T02:00,,,,3.7,15.0,1.0
Victoria Topaz,2022-12-29T02:00,,,,3.5,15.0,1.0
Willits Blosser Lane,2022-12-29T02:00,,,,11.6,48.0,1.0
Grants Pass - Parkside School,2022-12-29T02:00,,,,3.1,13.0,1.0
Dallas LaCreole Middle School,2022-12-29T02:00,,,,2.0,8.0,1.0
Horseshoe Bay,2022-12-29T02:00,,,,2.0,8.0,1.0
Ukiah Library,2022-12-29T02:00,,,,3.0,13.0,1.0
MMCA82067,2022-12-29T02:00,,,,8.5,35.0,1.0
McMinnville High School,2022-12-29T02:00,,,,2.3,10.0,1.0
SQUAMISH ELEMENTARY,2022-12-29T02:00,,,,2.4,10.0,1.0
Eugene - Highway 99,2022-12-29T02:00,,,,2.4,10.0,1.0
Eugene - Wilkes Dr.,2022-12-29T02:00,,,,0.3,1.0,1.0
Richmond South,2022-12-29T02:00,,,,4.0,17.0,1.0
Forest Grove Pacific University,2022-12-29T02:00,,,,3.3,14.0,1.0
Shelton-W Franklin,2022-12-29T02:00,,,,3.7,15.0,1.0
Albany - Calapooia School,2022-12-29T02:00,,,,2.3,10.0,1.0
Eugene - Amazon Park,2022-12-29T02:00,,,,1.9,8.0,1.0
Mahon Park,2022-12-29T02:00,,,,3.9,16.0,1.0
Tsawwassen,2022-12-29T02:00,,,,1.2,5.0,1.0
Cottage Grove City Shops,2022-12-29T02:00,,,,2.6,11.0,1.0
Second Narrows,2022-12-29T02:00,,,,5.6,23.0,1.0
Springfield City Hall,2022-12-29T02:00,,,,1.6,7.0,1.0
Salem - State Hospital,2022-12-29T02:00,,,,2.4,10.0,1.0
Salem Chemeketa Community College,2022-12-29T02:00,,,,2.1,9.0,1.0
Hillsboro - Hare Field,2022-12-29T02:00,,,,3.9,16.0,1.0
Chehalis-Market Blvd,2022-12-29T02:00,,,,3.8,16.0,1.0
Longview-30th Ave,2022-12-29T02:00,,,,2.5,10.0,1.0
Whistler Meadow Park,2022-12-29T02:00,,,,4.7,20.0,1.0
Weaverville,2022-12-29T02:00,,,,1.3,5.0,1.0
Turner - CJHS,2022-12-29T02:00,,,,2.3,10.0,1.0
North Delta,2022-12-29T02:00,,,,2.7,11.0,1.0
SISK1006,2022-12-29T02:00,,,,0.0,0.0,1.0
Medford Welch & Jackson,2022-12-29T02:00,,,,8.0,33.0,1.0
Woodburn Chemeketa Community College,2022-12-29T02:00,,,,2.2,9.0,1.0
Lacey-College St,2022-12-29T02:00,,,,2.1,9.0,1.0
Sebastopol,2022-12-29T02:00,,,,9.0,38.0,1.0
Beaverton - Highland Park School,2022-12-29T02:00,,,,2.5,10.0,1.0
Shady Cove - Shady Cove School,2022-12-29T02:00,,,,3.6,15.0,1.0
Silverton,2022-12-29T02:00,,,,2.3,10.0,1.0
Talent - Rapp Lane,2022-12-29T02:00,,,,2.8,12.0,1.0
Port Townsend-San Juan,2022-12-29T02:00,,,,3.9,16.0,1.0
Portland Near Road,2022-12-29T02:00,,,,3.9,16.0,1.0
Roosevelt High School,2022-12-29T02:00,,,,2.6,11.0,1.0
Sweet Home - Fire Department,2022-12-29T02:00,,,,2.9,12.0,1.0
Pitt Meadows,2022-12-29T02:00,,,,1.1,5.0,1.0
Ashland Fire Dept,2022-12-29T02:00,,,,3.8,16.0,1.0
Surrey East,2022-12-29T02:00,,,,3.3,14.0,1.0
Portland Lincoln High School,2022-12-29T02:00,,,,2.2,9.0,1.0
Oak Harbor-SW 6th (US),2022-12-29T02:00,,,,1.9,8.0,1.0
Portland SE 12th and Salmon,2022-12-29T02:00,,,,3.2,13.0,1.0
Yreka,2022-12-29T02:00,,,,4.3,18.0,1.0
Bremerton-Spruce Ave,2022-12-29T02:00,,,,2.5,10.0,1.0
Lyons,2022-12-29T02:00,,,,6.2,26.0,1.0
Anacortes-202 Ave (SO-AQS),2022-12-29T02:00,,,,3.6,15.0,1.0
Portland - SE Lafayette,2022-12-29T02:00,,,,0.8,3.0,1.0
Portland Lane Middle School,2022-12-29T02:00,,,,2.5,10.0,1.0
Portland - Spangler Road,2022-12-29T02:00,,,,3.3,14.0,1.0
Vancouver-NE 84th Ave,2022-12-29T02:00,,,,3.8,16.0,1.0
Portland McDaniel High School,2022-12-29T02:00,,,,2.5,10.0,1.0
Portland Cully Helensview School,2022-12-29T02:00,,,,2.4,10.0,1.0
Anacortes-Bartholomew Rd (US),2022-12-29T02:00,,,,2.0,8.0,1.0
Custer-Loomis (SO-AQS),2022-12-29T02:00,,,,1.3,5.0,1.0
San Rafael,2022-12-29T02:00,,,,7.4,31.0,1.0
Vancouver-Blairmont Dr (SO),2022-12-29T02:00,,,,1.7,7.0,1.0
Gresham Centennial HS,2022-12-29T02:00,,,,2.5,10.0,1.0
Oakridge - Willamette Activity Center,2022-12-29T02:00,,,,2.4,10.0,1.0
Mill City,2022-12-29T02:00,,,,7.8,33.0,1.0
Tacoma-S 36th St,2022-12-29T02:00,,,,1.5,6.0,1.0
Bellingham Pacific,2022-12-29T02:00,,,,3.6,15.0,1.0
Tacoma-L St,2022-12-29T02:00,,,,2.7,11.0,1.0
Yacolt-Yacolt Rd,2022-12-29T02:00,,,,2.7,11.0,1.0
San Francisco,2022-12-29T02:00,,,,7.8,33.0,1.0
Tacoma-Alexander Ave,2022-12-29T02:00,,,,0.0,0.0,1.0
Redding,2022-12-29T02:00,,,,6.7,28.0,1.0
San Pablo - Rumrill,2022-12-29T02:00,,,,11.3,47.0,1.0
Seattle-Duwamish,2022-12-29T02:00,,,,8.3,35.0,1.0
Mt Vernon-S 2nd St,2022-12-29T02:00,,,,2.3,10.0,1.0
Estacada Clackamas River Elementary School,2022-12-29T02:00,,,,5.3,22.0,1.0
Seattle-South Park,2022-12-29T02:00,,,,5.0,21.0,1.0
Seattle-10th & Weller,2022-12-29T02:00,,,,5.7,24.0,1.0
Seattle-Beacon Hill,2022-12-29T02:00,,,,3.8,16.0,1.0
Oakland West,2022-12-29T02:00,,,,8.2,34.0,1.0
Tukwila_Allentown,2022-12-29T02:00,,,,3.9,16.0,1.0
Lake Forest Park-Town Center,2022-12-29T02:00,,,,2.6,11.0,1.0
Laney College,2022-12-29T02:00,,,,9.2,38.0,1.0
Red Bluff - Walnut office,2022-12-29T02:00,,,,9.7,40.0,1.0
Kent-James & Central,2022-12-29T02:00,,,,4.4,18.0,1.0
Auburn 29th St,2022-12-29T02:00,,,,9.8,41.0,1.0
Redwood City,2022-12-29T02:00,,,,9.4,39.0,1.0
Marysville-7th Ave,2022-12-29T02:00,,,,7.8,33.0,1.0
Oakland,2022-12-29T02:00,,,,11.3,47.0,1.0
Bellevue-SE 12th,2022-12-29T02:00,,,,1.0,4.0,1.0
Maple Falls-Azure Way,2022-12-29T02:00,,,,8.9,37.0,1.0
SLV Middle School AMS,2022-12-29T02:00,,,,5.4,23.0,1.0
Concord,2022-12-29T02:00,,,,7.6,32.0,1.0
Santa Cruz AMS,2022-12-29T02:00,,,,11.3,47.0,1.0
Vacaville,2022-12-29T02:00,,,,0.2,1.0,1.0
Enumclaw Mud Mt (SO),2022-12-29T02:00,,,,0.1,0.0,1.0
Chiloquin,2022-12-29T02:00,,,,2.2,9.0,1.0
Pleasanton - Owens Ct.,2022-12-29T02:00,,,,4.9,20.0,1.0
San Jose - Jackson St.,2022-12-29T02:00,,,,7.0,29.0,1.0
San Jose - Knox Ave,2022-12-29T02:00,,,,9.1,38.0,1.0
Livermore - Rincon,2022-12-29T02:00,,,,5.8,24.0,1.0
Davis - UCD Campus,2022-12-29T02:00,,,,2.7,11.0,1.0
Agassiz,2022-12-29T02:00,,,,8.7,36.0,1.0
Carmel Valley AMS,2022-12-29T02:00,,,,5.6,23.0,1.0
Woodland,2022-12-29T02:00,,,,7.7,32.0,1.0
Klamath Falls - Peterson School,2022-12-29T02:00,,,,3.5,15.0,1.0
Rio Vista,2022-12-29T02:00,,,,8.2,34.0,1.0
Salinas AMS,2022-12-29T02:00,,,,9.7,40.0,1.0
Darrington-Fir St,2022-12-29T02:00,,,,2.1,9.0,1.0
Paradise Theater,2022-12-29T02:00,,,,10.5,44.0,1.0
Gilory - 9th Street,2022-12-29T02:00,,,,11.7,49.0,1.0
Sisters Forest Service,2022-12-29T02:00,,,,4.1,17.0,1.0
Hood River West Side FD,2022-12-29T02:00,,,,8.9,37.0,1.0
Bercut Dr,2022-12-29T02:00,,,,9.2,38.0,1.0
Sunriver Three Rivers School,2022-12-29T02:00,,,,2.2,9.0,1.0
Elk Grove,2022-12-29T02:00,,,,3.7,15.0,1.0
Arden Arcade - Del Paso Manor,2022-12-29T02:00,,,,10.2,43.0,1.0
Lincoln,2022-12-29T02:00,,,,7.0,29.0,1.0
Bend Pine Ridge Elementary School,2022-12-29T02:00,,,,2.0,8.0,1.0
Bend - Pump Station,2022-12-29T02:00,,,,2.3,10.0,1.0
Bend NE 8th & Emerson,2022-12-29T02:00,,,,2.4,10.0,1.0
Stockton - University Park,2022-12-29T02:00,,,,6.7,28.0,1.0
Bend Ponderosa Elementary School,2022-12-29T02:00,,,,2.7,11.0,1.0
Chester BAM,2022-12-29T02:00,,,,22.5,73.0,2.0
Sloughhouse,2022-12-29T02:00,,,,6.6,28.0,1.0
The Dalles - Cherry Heights,2022-12-29T02:00,,,,4.5,19.0,1.0
Redmond High School,2022-12-29T02:00,,,,2.3,10.0,1.0
Folsom,2022-12-29T02:00,,,,6.6,28.0,1.0
Madras - Westside School,2022-12-29T02:00,,,,5.7,24.0,1.0
Auburn,2022-12-29T02:00,,,,5.3,22.0,1.0
Grass Valley,2022-12-29T02:00,,,,2.0,8.0,1.0
Cle Elum Mobile,2022-12-29T02:00,,,,2.5,10.0,1.0
Colfax,2022-12-29T02:00,,,,11.2,47.0,1.0
Quincy,2022-12-29T02:00,,,,11.8,49.0,1.0
Prineville - Davidson Park,2022-12-29T02:00,,,,8.9,37.0,1.0
Leavenworth-Evans St,2022-12-29T02:00,,,,6.1,25.0,1.0
Peshastin Mobile,2022-12-29T02:00,,,,6.8,28.0,1.0
Ellensburg-Ruby St,2022-12-29T02:00,,,,2.1,9.0,1.0
MMCA82034,2022-12-29T02:00,,,,2.8,12.0,1.0
Cashmere Mobile,2022-12-29T02:00,,,,22.4,73.0,2.0
Portola,2022-12-29T02:00,,,,26.2,81.0,2.0
Merced - S. Coffee Ave,2022-12-29T02:00,,,,7.5,31.0,1.0
Tranquillity,2022-12-29T02:00,,,,6.0,25.0,1.0
Lakeview - Center & M,2022-12-29T02:00,,,,3.5,15.0,1.0
Wenatchee-Fifth St,2022-12-29T02:00,,,,7.2,30.0,1.0
Kamloops Federal Building,2022-12-29T02:00,,,,13.1,53.0,2.0
Toppenish-Yakama Tribe,2022-12-29T02:00,,,,2.5,10.0,1.0
Truckee BAM,2022-12-29T02:00,,,,3.4,14.0,1.0
Tahoe City,2022-12-29T02:00,,,,3.3,14.0,1.0
MMCA82019,2022-12-29T02:00,,,,3.6,15.0,1.0
Huron,2022-12-29T02:00,,,,3.5,15.0,1.0
Santa Ynez,2022-12-29T02:00,,,,5.8,24.0,1.0
Chelan-Woodin Ave,2022-12-29T02:00,,,,1.6,7.0,1.0
Sunnyside-S 16th,2022-12-29T02:00,,,,7.3,30.0,1.0
Quincy 3rd,2022-12-29T02:00,,,,2.0,8.0,1.0
Brewster Mobile,2022-12-29T02:00,,,,10.2,43.0,1.0
Fresno-Foundry Park,2022-12-29T02:00,,,,9.7,40.0,1.0
CC_Armory,2022-12-29T02:00,,,,0.4,2.0,1.0
Prosser-Highland Dr,2022-12-29T02:00,,,,3.2,13.0,1.0
Fresno-Pacific,2022-12-29T02:00,,,,10.4,43.0,1.0
Ranchos,2022-12-29T02:00,,,,3.6,15.0,1.0
Spanish Springs,2022-12-29T02:00,,,,4.6,19.0,1.0
Omak-Colville Tribe,2022-12-29T02:00,,,,22.2,72.0,2.0
Soap Lake,2022-12-29T02:00,,,,5.2,22.0,1.0
Beaverlodge,2022-12-29T02:00,,,,10.0,42.0,1.0
Visalia - W Ashland Avenue,2022-12-29T02:00,,,,12.4,52.0,2.0
Moses Lake-Balsam St,2022-12-29T02:00,,,,2.7,11.0,1.0
Hermiston - Municipal Airport,2022-12-29T02:00,,,,2.0,8.0,1.0
Kennewick-S Clodfelter Rd (SOS),2022-12-29T02:00,,,,0.2,1.0,1.0
Ojai - Ojai Ave.,2022-12-29T02:00,,,,5.6,23.0,1.0
Bakersfield - California Ave,2022-12-29T02:00,,,,5.6,23.0,1.0
Porterville-NFS,2022-12-29T02:00,,,,3.8,16.0,1.0
Burns - Washington St.,2022-12-29T02:00,,,,5.5,23.0,1.0
Mesa-Pepoit Way (temp SO),2022-12-29T02:00,,,,2.8,12.0,1.0
John Day Dayton St,2022-12-29T02:00,,,,17.4,62.0,2.0
Thousand Oaks - Moorpark Road,2022-12-29T02:00,,,,4.3,18.0,1.0
Lebec,2022-12-29T02:00,,,,2.2,9.0,1.0
Sequoia and Kings Canyon - Ash Mountain,2022-12-29T02:00,,,,2.3,10.0,1.0
Pendleton - McKay Creek,2022-12-29T02:00,,,,7.7,32.0,1.0
Springville,2022-12-29T02:00,,,,12.0,50.0,1.0
Piru - Pacific,2022-12-29T02:00,,,,4.4,18.0,1.0
Grande Prairie - Henry Pirker,2022-12-29T02:00,,,,17.3,62.0,2.0
Santa Clarita,2022-12-29T02:00,,,,8.6,36.0,1.0
Ritzville-Alder St ,2022-12-29T02:00,,,,1.2,5.0,1.0
North Holywood,2022-12-29T02:00,,,,7.0,29.0,1.0
Walla Walla-12th St,2022-12-29T02:00,,,,1.2,5.0,1.0
Compton,2022-12-29T02:00,,,,11.0,46.0,1.0
La Grande Hall & N Sts,2022-12-29T02:00,,,,1.5,6.0,1.0
Lone Pine Paiute/Shoshone Tribe-CA,2022-12-29T02:00,,,,2.0,8.0,1.0
Wellpinit-Spokane Tribe,2022-12-29T02:00,,,,2.4,10.0,1.0
Dayton-W Main,2022-12-29T02:00,,,,1.9,8.0,1.0
Lacrosse-Hill St,2022-12-29T02:00,,,,0.6,3.0,1.0
Baker City - Forest Service,2022-12-29T02:00,,,,6.3,26.0,1.0
Cove - City Hall,2022-12-29T02:00,,,,6.0,25.0,1.0
Pomeroy-Pataha St,2022-12-29T02:00,,,,0.0,0.0,1.0
Airway Heights-West 12th (US),2022-12-29T02:00,,,,0.6,3.0,1.0
Spokane-Monroe St.,2022-12-29T02:00,,,,2.9,12.0,1.0
Camp Pendleton,2022-12-29T02:00,,,,5.8,24.0,1.0
Rosalia-Josephine St,2022-12-29T02:00,,,,1.4,6.0,1.0
Colbert-Greenbluff,2022-12-29T02:00,,,,4.2,18.0,1.0
Hinton,2022-12-29T02:00,,,,32.8,95.0,2.0
Enterprise - US Forest Service,2022-12-29T02:00,,,,1.7,7.0,1.0
Spokane-Greenbluff Rd (SOS),2022-12-29T02:00,,,,0.5,2.0,1.0
Crestline - Lake Gregory,2022-12-29T02:00,,,,6.2,26.0,1.0
San Diego - Sherman Elementary School,2022-12-29T02:00,,,,4.4,18.0,1.0
Steeper,2022-12-29T02:00,,,,1.4,6.0,1.0
Temecula (Lake Skinner),2022-12-29T02:00,,,,5.8,24.0,1.0
Clarkston-13th St,2022-12-29T02:00,,,,2.6,11.0,1.0
Newport-Calispel,2022-12-29T02:00,,,,3.0,13.0,1.0
Lewiston,2022-12-29T02:00,,,,4.6,19.0,1.0
Lewiston,2022-12-29T02:00,,,,9.1,38.0,1.0
Ontario May Roberts Elementary School,2022-12-29T02:00,,,,2.4,10.0,1.0
Moscow,2022-12-29T02:00,,,,0.7,3.0,1.0
El Cajon - Lexington Elementary School,2022-12-29T02:00,,,,4.8,20.0,1.0
Otay Mesa - Donovan,2022-12-29T02:00,,,,4.7,20.0,1.0
Plummer CDA Tribe,2022-12-29T02:00,,,,1.2,5.0,1.0
Big Bear,2022-12-29T02:00,,,,9.2,38.0,1.0
Banning - South Hathaway Street,2022-12-29T02:00,,,,7.8,33.0,1.0
Nursery Rd.,2022-12-29T02:00,,,,4.0,17.0,1.0
Lapwai,2022-12-29T02:00,,,,0.0,0.0,1.0
Alpine,2022-12-29T02:00,,,,5.2,22.0,1.0
St. Maries,2022-12-29T02:00,,,,21.2,70.0,2.0
Edson,2022-12-29T02:00,,,,11.9,50.0,1.0
Boundary County,2022-12-29T02:00,,,,2.8,12.0,1.0
St. Lukes Meridian,2022-12-29T02:00,,,,1.7,7.0,1.0
Indio-29 Palms,2022-12-29T02:00,,,,9.7,40.0,1.0
Grangeville,2022-12-29T02:00,,,,3.7,15.0,1.0
McCall,2022-12-29T02:00,,,,1.5,6.0,1.0
Kamiah,2022-12-29T02:00,,,,5.4,23.0,1.0
Garden Valley,2022-12-29T02:00,,,,10.0,42.0,1.0
Idaho City,2022-12-29T02:00,,,,7.1,30.0,1.0
Cranbrook Muriel Baxter,2022-12-29T02:00,,,,0.2,1.0,1.0
RT,2022-12-29T02:00,,,,1.1,5.0,1.0
Caroline,2022-12-29T02:00,,,,3.2,13.0,1.0
Twin Falls PM25,2022-12-29T02:00,,,,4.5,19.0,1.0
Powers,2022-12-29T02:00,,,,11.5,48.0,1.0
Ketchum,2022-12-29T02:00,,,,2.7,11.0,1.0
French Town - Beckwith,2022-12-29T02:00,,,,5.8,24.0,1.0
Genesee,2022-12-29T02:00,,,,4.5,19.0,1.0
Hamilton PS 46,2022-12-29T02:00,,,,0.0,0.0,1.0
Calgary Northwest,2022-12-29T02:00,,,,8.1,34.0,1.0
Unit139,2022-12-29T02:00,,,,1.3,5.0,1.0
Calgary Central2,2022-12-29T02:00,,,,10.8,45.0,1.0
Airdrie,2022-12-29T02:00,,,,8.0,33.0,1.0
CALGARY SOUTHEAST,2022-12-29T02:00,,,,18.2,64.0,2.0
Salmon PM2.5,2022-12-29T02:00,,,,12.9,53.0,2.0
RED DEER RIVERSIDE DRIVE,2022-12-29T02:00,,,,14.6,56.0,2.0
RED DEER - LANCASTER,2022-12-29T02:00,,,,14.8,57.0,2.0
St Albert,2022-12-29T02:00,,,,9.2,38.0,1.0
Edmonton Woodcroft,2022-12-29T02:00,,,,9.5,40.0,1.0
Edmonton Central East,2022-12-29T02:00,,,,10.7,45.0,1.0
Seeley Elementary School,2022-12-29T02:00,,,,6.1,25.0,1.0
Edmonton East,2022-12-29T02:00,,,,10.9,45.0,1.0
AJ Ottewell Community Centre,2022-12-29T02:00,,,,15.2,58.0,2.0
Hurricane,2022-12-29T02:00,,,,1.5,6.0,1.0
Fort Saskatchewan,2022-12-29T02:00,,,,8.9,37.0,1.0
Ardrossan,2022-12-29T02:00,,,,8.2,34.0,1.0
Enoch,2022-12-29T02:00,,,,1.5,6.0,1.0
Lethbridge,2022-12-29T02:00,,,,10.5,44.0,1.0
Dillon,2022-12-29T02:00,,,,0.0,0.0,1.0
Cut Bank,2022-12-29T02:00,,,,0.0,0.0,1.0
Erda,2022-12-29T02:00,,,,0.2,1.0,1.0
Prison Site,2022-12-29T02:00,,,,0.2,1.0,1.0
Idaho Falls PM2.5,2022-12-29T02:00,,,,0.0,0.0,1.0
Rossiter Pump House,2022-12-29T02:00,,,,2.4,10.0,1.0
Eastwood,2022-12-29T02:00,,,,5.5,23.0,1.0
Utah Tech. Center,2022-12-29T02:00,,,,0.7,3.0,1.0
Rose Park,2022-12-29T02:00,,,,0.9,4.0,1.0
NR,2022-12-29T02:00,,,,3.8,16.0,1.0
Copper View,2022-12-29T02:00,,,,3.5,15.0,1.0
BV,2022-12-29T02:00,,,,1.5,6.0,1.0
Preston PM25 BAM,2022-12-29T02:00,,,,1.2,5.0,1.0
Smithfield,2022-12-29T02:00,,,,0.8,3.0,1.0
Cave Camp - Timpanogos Cave,2022-12-29T02:00,,,,5.7,24.0,1.0
Spanish Fork,2022-12-29T02:00,,,,1.0,4.0,1.0
Syncrude UE1,2022-12-29T02:00,,,,2.2,9.0,1.0
Fort McKay,2022-12-29T02:00,,,,2.2,9.0,1.0
Fort MacKay West,2022-12-29T02:00,,,,1.7,7.0,1.0
St. Lina,2022-12-29T02:00,,,,2.8,12.0,1.0
Patricia McInnes,2022-12-29T02:00,,,,2.6,11.0,1.0
Athabasca Valley,2022-12-29T02:00,,,,1.8,8.0,1.0
Great Falls Overlook Park,2022-12-29T02:00,,,,11.1,46.0,1.0
Fort Chipewyan,2022-12-29T02:00,,,,1.1,5.0,1.0
Conklin West,2022-12-29T02:00,,,,1.6,7.0,1.0
Coachline,2022-12-29T02:00,,,,0.4,2.0,1.0
West Yellowstone Park Ent #2,2022-12-29T02:00,,,,1.8,8.0,1.0
Conklin East,2022-12-29T02:00,,,,3.0,13.0,1.0
Bozeman High School,2022-12-29T02:00,,,,4.4,18.0,1.0
Anzac,2022-12-29T02:00,,,,0.9,4.0,1.0
Children's Park Site,2022-12-29T02:00,,,,2.5,10.0,1.0
Rose Elementary,2022-12-29T02:00,,,,3.1,13.0,1.0
Yellowstone- Old Faithful Snow Lodge,2022-12-29T02:00,,,,2.1,9.0,1.0
Janvier,2022-12-29T02:00,,,,0.9,4.0,1.0
Medicine Hat - Crescent Hts,2022-12-29T02:00,,,,4.8,20.0,1.0
Cold Lake South,2022-12-29T02:00,,,,1.7,7.0,1.0
Roosevelt,2022-12-29T02:00,,,,24.8,78.0,2.0
Pinedale Gaseous,2022-12-29T02:00,,,,2.8,12.0,1.0
Vernal #4,2022-12-29T02:00,,,,12.2,51.0,2.0
Rock Springs SLAMS,2022-12-29T02:00,,,,0.7,3.0,1.0
Cody SLAMS,2022-12-29T02:00,,,,1.3,5.0,1.0
Rangely- CO,2022-12-29T02:00,,,,1.3,5.0,1.0
Lander SLAMS,2022-12-29T02:00,,,,2.6,11.0,1.0
South Pass,2022-12-29T02:00,,,,0.0,0.0,1.0
Grand Junction - Powell Building,2022-12-29T02:00,,,,2.8,12.0,1.0
Billlings Lockwood,2022-12-29T02:00,,,,4.3,18.0,1.0
Yellow Brick Building,2022-12-29T02:00,,,,1.1,5.0,1.0
Las Cruces ED,2022-12-29T02:00,,,,2.7,11.0,1.0
Santa Teresa,2022-12-29T02:00,,,,4.5,19.0,1.0
Ascarate Park Southeast C37,2022-12-29T02:00,,,,22.1,72.0,2.0
Casper Gaseous,2022-12-29T02:00,,,,1.3,5.0,1.0
Santa Fe Airport,2022-12-29T02:00,,,,0.0,0.0,1.0
Taos Fire Station,2022-12-29T02:00,,,,4.3,18.0,1.0
Laramie SLAMS,2022-12-29T02:00,,,,2.3,10.0,1.0
Gillette SLAMS,2022-12-29T02:00,,,,2.1,9.0,1.0
Boulder - CU - 2102 Athens St.,2022-12-29T02:00,,,,3.1,13.0,1.0
Longmont,2022-12-29T02:00,,,,4.2,18.0,1.0
Chatfield Park - 11500 N. Roxborough Park Rd.,2022-12-29T02:00,,,,2.9,12.0,1.0
I25 Denver,2022-12-29T02:00,,,,1.8,8.0,1.0
Globeville,2022-12-29T02:00,,,,3.9,16.0,1.0
Denver - CAMP - 2105 Broadway,2022-12-29T02:00,,,,3.0,13.0,1.0
Adams-Birch,2022-12-29T02:00,,,,2.8,12.0,1.0
Colorado College,2022-12-29T02:00,,,,1.7,7.0,1.0
Greeley Hospital,2022-12-29T02:00,,,,1.9,8.0,1.0
Scottsbluff HS,2022-12-29T02:00,,,,0.4,2.0,1.0
Theodore Roosevelt NP - Painted Canyon VC,2022-12-29T02:00,,,,3.4,14.0,1.0
WIND CAVE,2022-12-29T02:00,,,,0.6,3.0,1.0
Hobbs Jefferson,2022-12-29T02:00,,,,8.4,35.0,1.0
Estación Abasolo,2022-12-29T02:00,,,,14.7,56.0,2.0
Estación Guanajuato,2022-12-29T02:00,,,,11.5,48.0,1.0
Estación San Miguel de Allende,2022-12-29T02:00,,,,23.2,74.0,2.0
Pierre,2022-12-29T02:00,,,,0.6,3.0,1.0
Seiling,2022-12-29T02:00,,,,6.4,27.0,1.0
San Antonio Old Hwy90 C677,2022-12-29T02:00,,,,21.4,71.0,2.0
Grand Island DOT,2022-12-29T02:00,,,,2.4,10.0,1.0
Waco C1037,2022-12-29T02:00,,,,10.1,42.0,1.0
Vermillion,2022-12-29T02:00,,,,7.5,31.0,1.0
Homestead NHP,2022-12-29T02:00,,,,3.9,16.0,1.0
LLCHD BAM,2022-12-29T02:00,,,,4.5,19.0,1.0
2912 Coffey,2022-12-29T02:00,,,,4.9,20.0,1.0
Marshall,2022-12-29T02:00,,,,7.5,31.0,1.0
Clinton C403,2022-12-29T02:00,,,,7.8,33.0,1.0
Viking Lake State Park,2022-12-29T02:00,,,,4.4,18.0,1.0
Red Lake Nation,2022-12-29T02:00,,,,9.9,41.0,1.0
Emmetsburg- ILCC,2022-12-29T02:00,,,,8.2,34.0,1.0
Leech Lake Nation: Cass Lake,2022-12-29T02:00,,,,6.8,28.0,1.0
RG_South,2022-12-29T02:00,,,,3.8,16.0,1.0
ROLAND,2022-12-29T02:00,,,,7.0,29.0,1.0
Blue Ridge I-70,2022-12-29T02:00,,,,3.9,16.0,1.0
Liberty,2022-12-29T02:00,,,,4.5,19.0,1.0
Brainerd,2022-12-29T02:00,,,,12.2,51.0,2.0
St. Cloud,2022-12-29T02:00,,,,12.0,50.0,1.0
SPRNGDLE,2022-12-29T02:00,,,,11.5,48.0,1.0
El Do Springs,2022-12-29T02:00,,,,9.0,38.0,1.0
Shreveport Airport,2022-12-29T02:00,,,,8.5,35.0,1.0
St. Michael,2022-12-29T02:00,,,,9.4,39.0,1.0
CARPENTER,2022-12-29T02:00,,,,7.5,31.0,1.0
Shakopee,2022-12-29T02:00,,,,10.1,42.0,1.0
Lakeville - Near Road,2022-12-29T02:00,,,,10.8,45.0,1.0
Westlake,2022-12-29T02:00,,,,5.2,22.0,1.0
Minneapolis-Phillips,2022-12-29T02:00,,,,11.3,47.0,1.0
Minneapolis-Near Road,2022-12-29T02:00,,,,10.7,45.0,1.0
Apple Valley,2022-12-29T02:00,,,,9.7,40.0,1.0
St. Paul-Harding H.S.,2022-12-29T02:00,,,,9.8,41.0,1.0
Virginia,2022-12-29T02:00,,,,12.0,50.0,1.0
Fond du Lac,2022-12-29T02:00,,,,4.4,18.0,1.0
Rochester,2022-12-29T02:00,,,,9.7,40.0,1.0
Rochester,2022-12-29T02:00,,,,7.1,30.0,1.0
Waterloo- Water Tower,2022-12-29T02:00,,,,6.5,27.0,1.0
PARR,2022-12-29T02:00,,,,5.6,23.0,1.0
Duluth-WDSE,2022-12-29T02:00,,,,11.8,49.0,1.0
Lafayette,2022-12-29T02:00,,,,3.3,14.0,1.0
Lake Sugema,2022-12-29T02:00,,,,8.4,35.0,1.0
Iowa City- Hoover School,2022-12-29T02:00,,,,9.9,41.0,1.0
Ely,2022-12-29T02:00,,,,13.1,53.0,2.0
LACROSSE DOT,2022-12-29T02:00,,,,11.6,48.0,1.0
Capitol,2022-12-29T02:00,,,,8.3,35.0,1.0
Muscatine- High School East Campus,2022-12-29T02:00,,,,7.1,30.0,1.0
French Settlement,2022-12-29T02:00,,,,7.8,33.0,1.0
Thibodaux,2022-12-29T02:00,,,,3.9,16.0,1.0
CLEVELAND,2022-12-29T02:00,,,,5.3,22.0,1.0
Bad River Tribal School,2022-12-29T02:00,,,,9.4,39.0,1.0
Potosi,2022-12-29T02:00,,,,10.9,45.0,1.0
PERKINSTOWN,2022-12-29T02:00,,,,12.3,51.0,2.0
Davenport- 10th & Vine,2022-12-29T02:00,,,,8.3,35.0,1.0
ROCK_IS,2022-12-29T02:00,,,,8.7,36.0,1.0
Ladue,2022-12-29T02:00,,,,4.1,17.0,1.0
JERSEYVL,2022-12-29T02:00,,,,6.9,29.0,1.0
Forest Park,2022-12-29T02:00,,,,8.8,37.0,1.0
South Broadway,2022-12-29T02:00,,,,6.0,25.0,1.0
Hinds CC,2022-12-29T02:00,,,,5.6,23.0,1.0
Clinton- Chancy Park,2022-12-29T02:00,,,,14.3,56.0,2.0
Madisonville,2022-12-29T02:00,,,,3.9,16.0,1.0
MARION,2022-12-29T02:00,,,,6.6,28.0,1.0
East St. Louis,2022-12-29T02:00,,,,7.4,31.0,1.0
GC_MAD,2022-12-29T02:00,,,,15.4,58.0,2.0
City Park,2022-12-29T02:00,,,,2.8,12.0,1.0
HERNANDO,2022-12-29T02:00,,,,6.2,26.0,1.0
HOUSTON,2022-12-29T02:00,,,,6.6,28.0,1.0
Grand Portage,2022-12-29T02:00,,,,7.2,30.0,1.0
TROUT LAKE,2022-12-29T02:00,,,,11.6,48.0,1.0
Springfield Ag,2022-12-29T02:00,,,,8.9,37.0,1.0
WAVELAND,2022-12-29T02:00,,,,7.5,31.0,1.0
DYERSBURG,2022-12-29T02:00,,,,10.4,43.0,1.0
MADISON EAST,2022-12-29T02:00,,,,10.7,45.0,1.0
Hattiesburg,2022-12-29T02:00,,,,9.2,38.0,1.0
Rockford,2022-12-29T02:00,,,,9.8,41.0,1.0
GPORT YC,2022-12-29T02:00,,,,8.4,35.0,1.0
NORMAL,2022-12-29T02:00,,,,11.0,46.0,1.0
DECATUR,2022-12-29T02:00,,,,12.1,51.0,2.0
DECATUR,2022-12-29T02:00,,,,8.8,37.0,1.0
Jackson,2022-12-29T02:00,,,,4.7,20.0,1.0
POTAWATOMI,2022-12-29T02:00,,,,13.5,54.0,2.0
KNIGHT_P,2022-12-29T02:00,,,,7.6,32.0,1.0
PASCAGOULA,2022-12-29T02:00,,,,7.4,31.0,1.0
APPLETON AAL,2022-12-29T02:00,,,,13.0,53.0,2.0
BONDVILLE,2022-12-29T02:00,,,,22.4,73.0,2.0
Ward,2022-12-29T02:00,,,,5.4,23.0,1.0
CARY,2022-12-29T02:00,,,,17.2,62.0,2.0
BRAIDWD,2022-12-29T02:00,,,,18.5,64.0,2.0
Naperville,2022-12-29T02:00,,,,13.7,54.0,2.0
Joliet,2022-12-29T02:00,,,,16.4,60.0,2.0
GREEN BAY E HIGH,2022-12-29T02:00,,,,14.6,56.0,2.0
MILWAUKEE 16TH ST,2022-12-29T02:00,,,,11.1,46.0,1.0
SCHILPRK,2022-12-29T02:00,,,,20.7,69.0,2.0
DESPLNS,2022-12-29T02:00,,,,20.4,68.0,2.0
CHIWAUKEE,2022-12-29T02:00,,,,15.6,58.0,2.0
HARRINGTON BCH,2022-12-29T02:00,,,,10.6,44.0,1.0
NORTHBRK,2022-12-29T02:00,,,,11.4,48.0,1.0
Cicero2,2022-12-29T02:00,,,,14.0,55.0,2.0
ALSIP,2022-12-29T02:00,,,,14.5,56.0,2.0
CHI_SP,2022-12-29T02:00,,,,15.2,58.0,2.0
CHI_COM,2022-12-29T02:00,,,,11.8,49.0,1.0
Kingery Near-road #1,2022-12-29T02:00,,,,17.4,62.0,2.0
Hammond-167th St,2022-12-29T02:00,,,,14.4,56.0,2.0
East Chicago - Marina,2022-12-29T02:00,,,,15.3,58.0,2.0
Loretto,2022-12-29T02:00,,,,6.7,28.0,1.0
Clarksville,2022-12-29T02:00,,,,6.0,25.0,1.0
OWENPRI,2022-12-29T02:00,,,,8.0,33.0,1.0
Columbia,2022-12-29T02:00,,,,4.8,20.0,1.0
Columbia,2022-12-29T02:00,,,,15.6,58.0,2.0
MCADORY,2022-12-29T02:00,,,,9.1,38.0,1.0
CORNER,2022-12-29T02:00,,,,7.9,33.0,1.0
HVILLE,2022-12-29T02:00,,,,0.0,0.0,1.0
Huntsville Old Airport,2022-12-29T02:00,,,,10.6,44.0,1.0
LEEDS,2022-12-29T02:00,,,,13.8,55.0,2.0
MONTG,2022-12-29T02:00,,,,11.1,46.0,1.0
Indpls-W.18th St,2022-12-29T02:00,,,,16.9,61.0,2.0
South Bend-Shields Dr,2022-12-29T02:00,,,,12.8,52.0,2.0
Indpls - I-70 E,2022-12-29T02:00,,,,13.6,54.0,2.0
GADSDEN,2022-12-29T02:00,,,,9.5,40.0,1.0
Elkhart-Prairie St.,2022-12-29T02:00,,,,10.7,45.0,1.0
SENEY,2022-12-29T02:00,,,,8.2,34.0,1.0
Fishers,2022-12-29T02:00,,,,11.4,48.0,1.0
ETOWN2,2022-12-29T02:00,,,,5.6,23.0,1.0
Jeffersonville - Bates-Bowyer Av,2022-12-29T02:00,,,,8.7,36.0,1.0
St. Andrews Park,2022-12-29T02:00,,,,8.0,33.0,1.0
Anderson-Eastside Elem. Sch,2022-12-29T02:00,,,,10.2,43.0,1.0
Larwill,2022-12-29T02:00,,,,14.1,55.0,2.0
KALAMAZOO,2022-12-29T02:00,,,,16.6,60.0,2.0
Cookeville,2022-12-29T02:00,,,,6.2,26.0,1.0
Rome,2022-12-29T02:00,,,,1.7,7.0,1.0
Riverside,2022-12-29T02:00,,,,13.1,53.0,2.0
PC South Girard School,2022-12-29T02:00,,,,13.3,54.0,2.0
HOUGHTON LAKE,2022-12-29T02:00,,,,14.2,55.0,2.0
Preble NCore,2022-12-29T02:00,,,,8.1,34.0,1.0
Colerain,2022-12-29T02:00,,,,8.8,37.0,1.0
SOMERST,2022-12-29T02:00,,,,7.8,33.0,1.0
ATHENS,2022-12-29T02:00,,,,6.7,28.0,1.0
LANSING,2022-12-29T02:00,,,,12.2,51.0,2.0
Lower Price Hill,2022-12-29T02:00,,,,11.9,50.0,1.0
Harriman,2022-12-29T02:00,,,,11.4,48.0,1.0
Cincinnati Near Road,2022-12-29T02:00,,,,15.1,57.0,2.0
NEWTWN,2022-12-29T02:00,,,,7.1,30.0,1.0
NKU,2022-12-29T02:00,,,,7.2,30.0,1.0
NR-Georgia Tech,2022-12-29T02:00,,,,15.2,58.0,2.0
Sycamore,2022-12-29T02:00,,,,6.9,29.0,1.0
United Ave,2022-12-29T02:00,,,,11.9,50.0,1.0
Tallahassee Community College,2022-12-29T02:00,,,,10.8,45.0,1.0
LOUDONMS,2022-12-29T02:00,,,,3.6,15.0,1.0
Lebanon,2022-12-29T02:00,,,,9.5,40.0,1.0
Lebanon,2022-12-29T02:00,,,,15.5,58.0,2.0
Lebanon,2022-12-29T02:00,,,,13.0,53.0,2.0
Sinclair,2022-12-29T02:00,,,,8.6,36.0,1.0
St. Marks Wildlife Refuge,2022-12-29T02:00,,,,6.5,27.0,1.0
McDonough,2022-12-29T02:00,,,,20.0,68.0,2.0
Batavia,2022-12-29T02:00,,,,3.8,16.0,1.0
San Jose,2022-12-29T02:00,,,,9.6,40.0,1.0
Lima,2022-12-29T02:00,,,,7.9,33.0,1.0
Rule,2022-12-29T02:00,,,,8.7,36.0,1.0
TECUMSEH,2022-12-29T02:00,,,,15.3,58.0,2.0
MARYVILL,2022-12-29T02:00,,,,4.4,18.0,1.0
AIR LAB,2022-12-29T02:00,,,,11.6,48.0,1.0
BAY CITY,2022-12-29T02:00,,,,11.9,50.0,1.0
SPRINGHILL,2022-12-29T02:00,,,,9.4,39.0,1.0
Springfield Fire St1,2022-12-29T02:00,,,,8.4,35.0,1.0
MIDAIR,2022-12-29T02:00,,,,42.3,118.0,3.0
FLINT,2022-12-29T02:00,,,,14.2,55.0,2.0
YPSILANTI,2022-12-29T02:00,,,,13.3,54.0,2.0
Erie,2022-12-29T02:00,,,,9.8,41.0,1.0
Erie,2022-12-29T02:00,,,,7.0,29.0,1.0
BRYSON,2022-12-29T02:00,,,,15.7,59.0,2.0
ELIZA HOWELL-NR,2022-12-29T02:00,,,,19.7,67.0,2.0
HAZ2,2022-12-29T02:00,,,,8.9,37.0,1.0
ALLEN PARK,2022-12-29T02:00,,,,12.7,52.0,2.0
NMH48217,2022-12-29T02:00,,,,15.6,58.0,2.0
TRINITY,2022-12-29T02:00,,,,17.3,62.0,2.0
DETROIT-SW,2022-12-29T02:00,,,,16.9,61.0,2.0
MILITARY PARK,2022-12-29T02:00,,,,17.2,62.0,2.0
DP4TH,2022-12-29T02:00,,,,14.1,55.0,2.0
Smoky Row Near Road,2022-12-29T02:00,,,,12.0,50.0,1.0
Windsor Downtown,2022-12-29T02:00,,,,10.5,44.0,1.0
New Albany,2022-12-29T02:00,,,,5.8,24.0,1.0
NEW HAVEN,2022-12-29T02:00,,,,14.7,56.0,2.0
St. Petersburg College,2022-12-29T02:00,,,,6.8,28.0,1.0
John A. Chesnut Sr. Park,2022-12-29T02:00,,,,11.5,48.0,1.0
ODOT Ironton,2022-12-29T02:00,,,,7.7,32.0,1.0
Crystal River Preserve,2022-12-29T02:00,,,,6.2,26.0,1.0
FIVCO,2022-12-29T02:00,,,,8.5,35.0,1.0
Lake City,2022-12-29T02:00,,,,15.4,58.0,2.0
BDED,2022-12-29T02:00,,,,5.6,23.0,1.0
GANDY,2022-12-29T02:00,,,,15.1,57.0,2.0
PIKE2001,2022-12-29T02:00,,,,10.1,42.0,1.0
Kingsport,2022-12-29T02:00,,,,7.3,30.0,1.0
Bee Ridge,2022-12-29T02:00,,,,6.5,27.0,1.0
PORT HURON,2022-12-29T02:00,,,,13.4,54.0,2.0
Osceola National Forest,2022-12-29T02:00,,,,8.5,35.0,1.0
APOLLO BEACH,2022-12-29T02:00,,,,16.8,61.0,2.0
Sarnia,2022-12-29T02:00,,,,10.0,42.0,1.0
Jackson Road,2022-12-29T02:00,,,,6.1,25.0,1.0
Paynes Prairie Farm,2022-12-29T02:00,,,,1.2,5.0,1.0
SYDNEY,2022-12-29T02:00,,,,8.9,37.0,1.0
Chatham,2022-12-29T02:00,,,,7.3,30.0,1.0
YMCA - Marion County,2022-12-29T02:00,,,,7.1,30.0,1.0
Spruce Pine,2022-12-29T02:00,,,,12.8,52.0,2.0
TK Gregg,2022-12-29T02:00,,,,14.7,56.0,2.0
Chippewa,2022-12-29T02:00,,,,7.7,32.0,1.0
Trenton,2022-12-29T02:00,,,,21.4,71.0,2.0
Trenton,2022-12-29T02:00,,,,11.9,50.0,1.0
Grand Bend,2022-12-29T02:00,,,,0.0,0.0,1.0
Laurel Oaks Elementary,2022-12-29T02:00,,,,5.9,25.0,1.0
St Theodosius,2022-12-29T02:00,,,,14.4,56.0,2.0
CHARLESTON,2022-12-29T02:00,,,,9.8,41.0,1.0
Pepsi Place,2022-12-29T02:00,,,,14.1,55.0,2.0
Sheffield Elementary School,2022-12-29T02:00,,,,11.3,47.0,1.0
Tiverton,2022-12-29T02:00,,,,9.9,41.0,1.0
East HS,2022-12-29T02:00,,,,8.7,36.0,1.0
Mayo Clinic,2022-12-29T02:00,,,,10.6,44.0,1.0
Canton,2022-12-29T02:00,,,,9.1,38.0,1.0
HICKORY,2022-12-29T02:00,,,,11.0,46.0,1.0
Winter Park,2022-12-29T02:00,,,,4.0,17.0,1.0
Painesville,2022-12-29T02:00,,,,7.2,30.0,1.0
London,2022-12-29T02:00,,,,10.9,45.0,1.0
Port Stanley,2022-12-29T02:00,,,,9.7,40.0,1.0
Irmo,2022-12-29T02:00,,,,19.3,66.0,2.0
Sudbury,2022-12-29T02:00,,,,15.9,59.0,2.0
Parklane,2022-12-29T02:00,,,,10.2,43.0,1.0
Remount,2022-12-29T02:00,,,,11.3,47.0,1.0
Friendship Park,2022-12-29T02:00,,,,12.2,51.0,2.0
Laird Eng Bldg,2022-12-29T02:00,,,,10.4,43.0,1.0
MOUNDSVILLE,2022-12-29T02:00,,,,37.2,105.0,3.0
Belle Glade,2022-12-29T02:00,,,,2.2,9.0,1.0
Youngstown State,2022-12-29T02:00,,,,8.6,36.0,1.0
Steubenville,2022-12-29T02:00,,,,14.5,56.0,2.0
Kitchener,2022-12-29T02:00,,,,11.1,46.0,1.0
Farrell,2022-12-29T02:00,,,,7.9,33.0,1.0
Florence,2022-12-29T02:00,,,,6.7,28.0,1.0
ROCKWELL,2022-12-29T02:00,,,,33.7,96.0,2.0
Clemmons Middle,2022-12-29T02:00,,,,10.4,43.0,1.0
V_VIEW,2022-12-29T02:00,,,,4.2,18.0,1.0
Beaver Falls,2022-12-29T02:00,,,,12.9,53.0,2.0
Brantford,2022-12-29T02:00,,,,8.5,35.0,1.0
LWATTOWR,2022-12-29T02:00,,,,26.5,81.0,2.0
Chesterfield,2022-12-29T02:00,,,,5.8,24.0,1.0
POMPANO_BEACH,2022-12-29T02:00,,,,3.5,15.0,1.0
Avalon,2022-12-29T02:00,,,,11.4,48.0,1.0
Parry Sound,2022-12-29T02:00,,,,9.6,40.0,1.0
Lawrenceville,2022-12-29T02:00,,,,11.1,46.0,1.0
North Charleston F.S.,2022-12-29T02:00,,,,10.1,42.0,1.0
Charleroi,2022-12-29T02:00,,,,13.3,54.0,2.0
Clairton,2022-12-29T02:00,,,,9.2,38.0,1.0
EAST VINTON ELEMENTARY SCHOOL,2022-12-29T02:00,,,,10.5,44.0,1.0
Liberty (SAHS),2022-12-29T02:00,,,,7.5,31.0,1.0
Parkway East (Near Road),2022-12-29T02:00,,,,7.6,32.0,1.0
Hamilton Downtown,2022-12-29T02:00,,,,5.7,24.0,1.0
North Braddock,2022-12-29T02:00,,,,9.8,41.0,1.0
Candor FRO,2022-12-29T02:00,,,,14.5,56.0,2.0
Williams Middle School,2022-12-29T02:00,,,,17.4,62.0,2.0
Barrie,2022-12-29T02:00,,,,12.9,53.0,2.0
Cape Romain,2022-12-29T02:00,,,,8.2,34.0,1.0
Kittanning,2022-12-29T02:00,,,,11.7,49.0,1.0
North Bay,2022-12-29T02:00,,,,16.7,61.0,2.0
Toronto Downtown,2022-12-29T02:00,,,,7.2,30.0,1.0
St. Catharines,2022-12-29T02:00,,,,4.8,20.0,1.0
Temiscaming,2022-12-29T02:00,,,,28.6,86.0,2.0
Dorset,2022-12-29T02:00,,,,11.7,49.0,1.0
Strongstown,2022-12-29T02:00,,,,7.9,33.0,1.0
Johnstown,2022-12-29T02:00,,,,10.8,45.0,1.0
Tonawanda II,2022-12-29T02:00,,,,11.1,46.0,1.0
Triple Oak - Near Road,2022-12-29T02:00,,,,6.0,25.0,1.0
Buffalo Near-road,2022-12-29T02:00,,,,13.0,53.0,2.0
Albemarle HS,2022-12-29T02:00,,,,11.2,47.0,1.0
JOHNSTON,2022-12-29T02:00,,,,12.4,52.0,2.0
Shenandoah NP,2022-12-29T02:00,,,,2.7,11.0,1.0
Altoona,2022-12-29T02:00,,,,14.1,55.0,2.0
Peterborough,2022-12-29T02:00,,,,8.5,35.0,1.0
State College,2022-12-29T02:00,,,,14.2,55.0,2.0
Radisson,2022-12-29T02:00,,,,1.1,5.0,1.0
Hagerstown,2022-12-29T02:00,,,,11.2,47.0,1.0
Northampton,2022-12-29T02:00,,,,11.9,50.0,1.0
LEGGETT,2022-12-29T02:00,,,,0.2,1.0,1.0
Rochester Near-road,2022-12-29T02:00,,,,13.4,54.0,2.0
Richmond City Near Road,2022-12-29T02:00,,,,18.5,64.0,2.0
Belleville,2022-12-29T02:00,,,,6.8,28.0,1.0
PITTAGCT,2022-12-29T02:00,,,,4.8,20.0,1.0
Arendtsville,2022-12-29T02:00,,,,16.9,61.0,2.0
Senneterre,2022-12-29T02:00,,,,8.7,36.0,1.0
Carlisle,2022-12-29T02:00,,,,18.9,65.0,2.0
Rockville,2022-12-29T02:00,,,,21.4,71.0,2.0
McMillan Reservoir,2022-12-29T02:00,,,,16.6,60.0,2.0
RIVER_Terrace,2022-12-29T02:00,,,,17.5,62.0,2.0
DCNearRoad,2022-12-29T02:00,,,,17.4,62.0,2.0
Harrisburg,2022-12-29T02:00,,,,14.1,55.0,2.0
Howard County Near Road,2022-12-29T02:00,,,,18.5,64.0,2.0
York,2022-12-29T02:00,,,,15.8,59.0,2.0
Padonia,2022-12-29T02:00,,,,21.5,71.0,2.0
Lake Montebello,2022-12-29T02:00,,,,20.1,68.0,2.0
Kingston,2022-12-29T02:00,,,,7.7,32.0,1.0
Edgewood,2022-12-29T02:00,,,,8.2,34.0,1.0
Horn Point,2022-12-29T02:00,,,,10.9,45.0,1.0
Lancaster DW,2022-12-29T02:00,,,,35.4,100.0,2.0
E Syracuse,2022-12-29T02:00,,,,6.5,27.0,1.0
Reading Airport,2022-12-29T02:00,,,,18.7,65.0,2.0
Fair Hill,2022-12-29T02:00,,,,10.9,45.0,1.0
Millington,2022-12-29T02:00,,,,7.0,29.0,1.0
New Garden,2022-12-29T02:00,,,,15.1,57.0,2.0
LUMS 2,2022-12-29T02:00,,,,13.7,54.0,2.0
Gatineau - Hull,2022-12-29T02:00,,,,19.7,67.0,2.0
Ottawa,2022-12-29T02:00,,,,16.0,59.0,2.0
Scranton,2022-12-29T02:00,,,,13.3,54.0,2.0
SEAFORD,2022-12-29T02:00,,,,10.8,45.0,1.0
Rte 9 Del. City,2022-12-29T02:00,,,,8.1,34.0,1.0
MLK,2022-12-29T02:00,,,,18.3,64.0,2.0
KILLENS,2022-12-29T02:00,,,,8.9,37.0,1.0
Dover,2022-12-29T02:00,,,,8.0,33.0,1.0
Allentown,2022-12-29T02:00,,,,18.1,64.0,2.0
Mont-Saint-Michel,2022-12-29T02:00,,,,10.5,44.0,1.0
Marcus Hook,2022-12-29T02:00,,,,13.5,54.0,2.0
Chester,2022-12-29T02:00,,,,10.2,43.0,1.0
Freemansburg,2022-12-29T02:00,,,,21.5,71.0,2.0
Norristown,2022-12-29T02:00,,,,12.6,52.0,2.0
RIT,2022-12-29T02:00,,,,11.9,50.0,1.0
Camden Spruce St,2022-12-29T02:00,,,,10.6,44.0,1.0
Millville,2022-12-29T02:00,,,,4.4,18.0,1.0
TOR,2022-12-29T02:00,,,,19.5,67.0,2.0
Flemington,2022-12-29T02:00,,,,14.0,55.0,2.0
Rider University,2022-12-29T02:00,,,,13.8,55.0,2.0
Brigantine,2022-12-29T02:00,,,,7.1,30.0,1.0
Rutgers University,2022-12-29T02:00,,,,9.9,41.0,1.0
Saint-Anicet,2022-12-29T02:00,,,,9.5,40.0,1.0
Rahway PM,2022-12-29T02:00,,,,12.3,51.0,2.0
Toms River,2022-12-29T02:00,,,,6.6,28.0,1.0
Paterson,2022-12-29T02:00,,,,13.4,54.0,2.0
Jersey City FH,2022-12-29T02:00,,,,9.7,40.0,1.0
Union City High School,2022-12-29T02:00,,,,10.9,45.0,1.0
Rockland Cty,2022-12-29T02:00,,,,11.9,50.0,1.0
Bklyn - PS 314,2022-12-29T02:00,,,,11.7,49.0,1.0
Newburgh,2022-12-29T02:00,,,,12.9,53.0,2.0
Fort Lee Near Road,2022-12-29T02:00,,,,14.4,56.0,2.0
CCNY,2022-12-29T02:00,,,,11.8,49.0,1.0
Manhattan/IS143,2022-12-29T02:00,,,,14.3,56.0,2.0
Sainte-Anne-de-Bellevue,2022-12-29T02:00,,,,19.2,66.0,2.0
Morrisania,2022-12-29T02:00,,,,12.0,50.0,1.0
Queens,2022-12-29T02:00,,,,14.9,57.0,2.0
Queens Near-road,2022-12-29T02:00,,,,12.0,50.0,1.0
White Plains,2022-12-29T02:00,,,,13.8,55.0,2.0
Albany,2022-12-29T02:00,,,,17.7,63.0,2.0
Laval - Chomedey,2022-12-29T02:00,,,,18.4,64.0,2.0
Aéroport de Montréal 1,2022-12-29T02:00,,,,17.9,63.0,2.0
Duncan,2022-12-29T02:00,,,,21.2,70.0,2.0
Terrebonne - Parc Vaillant,2022-12-29T02:00,,,,28.5,85.0,2.0
Caserne 17,2022-12-29T02:00,,,,22.7,73.0,2.0
Eisenhower Park,2022-12-29T02:00,,,,9.2,38.0,1.0
York-Roberval,2022-12-29T02:00,,,,20.8,69.0,2.0
Rivière-des-Prairies,2022-12-29T02:00,,,,19.6,67.0,2.0
Molson,2022-12-29T02:00,,,,20.3,68.0,2.0
St-Dominique,2022-12-29T02:00,,,,20.0,68.0,2.0
Hochelaga,2022-12-29T02:00,,,,16.4,60.0,2.0
Saint-Jean-Baptiste,2022-12-29T02:00,,,,21.4,71.0,2.0
Longueuil,2022-12-29T02:00,,,,19.4,66.0,2.0
Brossard - Parc Sorbonne,2022-12-29T02:00,,,,17.4,62.0,2.0
Saint-Simon,2022-12-29T02:00,,,,16.0,59.0,2.0
Saint-Jean-sur-Richelieu - L'Acadie,2022-12-29T02:00,,,,22.2,72.0,2.0
Bennington,2022-12-29T02:00,,,,15.0,57.0,2.0
PittsfieldES,2022-12-29T02:00,,,,18.9,65.0,2.0
Burlington,2022-12-29T02:00,,,,21.5,71.0,2.0
Bridgeport,2022-12-29T02:00,,,,13.4,54.0,2.0
NorthAdams,2022-12-29T02:00,,,,21.2,70.0,2.0
Holtsville,2022-12-29T02:00,,,,10.5,44.0,1.0
Waterbury,2022-12-29T02:00,,,,17.7,63.0,2.0
RUTLAND,2022-12-29T02:00,,,,20.6,69.0,2.0
Charette,2022-12-29T02:00,,,,28.3,85.0,2.0
Underhill,2022-12-29T02:00,,,,9.6,40.0,1.0
Rés. Faun. Ashuapmushuan - Pémonka,2022-12-29T02:00,,,,3.2,13.0,1.0
Shawinigan - Saint-Marc,2022-12-29T02:00,,,,34.7,99.0,2.0
Granby - Parc Poitevin,2022-12-29T02:00,,,,16.6,60.0,2.0
Saint-Zéphirin-de-Courval,2022-12-29T02:00,,,,13.5,54.0,2.0
Greenfield,2022-12-29T02:00,,,,26.0,80.0,2.0
SPRINGFIELDSP,2022-12-29T02:00,,,,17.8,63.0,2.0
CHICOPEE,2022-12-29T02:00,,,,15.1,57.0,2.0
Trois-Rivières - École MEES,2022-12-29T02:00,,,,15.4,58.0,2.0
Trois-Rivières - Cap-de-la-Madelaine,2022-12-29T02:00,,,,16.6,60.0,2.0
Drummondville - Stade Jacques-Desautels,2022-12-29T02:00,,,,18.3,64.0,2.0
Bécancour,2022-12-29T02:00,,,,12.0,50.0,1.0
Keene,2022-12-29T02:00,,,,24.4,77.0,2.0
Deschambault,2022-12-29T02:00,,,,14.4,56.0,2.0
Tingwick,2022-12-29T02:00,,,,12.3,51.0,2.0
Worcester,2022-12-29T02:00,,,,15.4,58.0,2.0
W Greenwich,2022-12-29T02:00,,,,7.6,32.0,1.0
Laconia,2022-12-29T02:00,,,,11.4,48.0,1.0
Narragansett,2022-12-29T02:00,,,,6.4,27.0,1.0
CCRI Providence,2022-12-29T02:00,,,,10.1,42.0,1.0
E Providence,2022-12-29T02:00,,,,8.2,34.0,1.0
Québec - Charlesbourg,2022-12-29T02:00,,,,29.8,88.0,2.0
La Patrie - Ditton,2022-12-29T02:00,,,,6.6,28.0,1.0
Québec - Vieux-Limoilou,2022-12-29T02:00,,,,22.0,72.0,2.0
Saguenay - Parc Powell,2022-12-29T02:00,,,,12.9,53.0,2.0
Fall River,2022-12-29T02:00,,,,8.7,36.0,1.0
Lévis - Parc Georges Maranda,2022-12-29T02:00,,,,28.7,86.0,2.0
Haverhill,2022-12-29T02:00,,,,19.3,66.0,2.0
BOSTON-KENMORE,2022-12-29T02:00,,,,12.7,52.0,2.0
Boston-Von Hillern,2022-12-29T02:00,,,,15.0,57.0,2.0
Chelsea HP,2022-12-29T02:00,,,,14.0,55.0,2.0
Brockton,2022-12-29T02:00,,,,13.4,54.0,2.0
WeymouthFR,2022-12-29T02:00,,,,11.4,48.0,1.0
Saint-Hilaire-de-Dorset,2022-12-29T02:00,,,,6.9,29.0,1.0
Rumford,2022-12-29T02:00,,,,16.5,60.0,2.0
Notre-Dame-du-Rosaire,2022-12-29T02:00,,,,8.1,34.0,1.0
Portland - Deering Oaks,2022-12-29T02:00,,,,19.3,66.0,2.0
Curacao,2022-12-29T02:00,,,,13.2,53.0,2.0
Bangor MSS,2022-12-29T02:00,,,,11.7,49.0,1.0
Auclair,2022-12-29T02:00,,,,4.5,19.0,1.0
Acadia NP - McFarland,2022-12-29T02:00,,,,10.0,42.0,1.0
ST ANDREWS,2022-12-29T02:00,,,,5.4,23.0,1.0
FIREHALL-LABRADORCITY2,2022-12-29T02:00,,,,1.1,5.0,1.0
FREDERICTON-NEEDHAM ST.,2022-12-29T02:00,,,,11.6,48.0,1.0
SAINT JOHN WEST,2022-12-29T02:00,,,,7.7,32.0,1.0
CASTLE ST. SAINT JO,2022-12-29T02:00,,,,7.3,30.0,1.0
FOREST HILLS,2022-12-29T02:00,,,,6.1,25.0,1.0
BATHURST,2022-12-29T02:00,,,,9.0,38.0,1.0
Miramichi,2022-12-29T02:00,,,,4.9,20.0,1.0
AYLESFORD MOUNTAIN,2022-12-29T02:00,,,,3.5,15.0,1.0
MONCTON,2022-12-29T02:00,,,,9.8,41.0,1.0
KENTVILLE,2022-12-29T02:00,,,,4.2,18.0,1.0
WELLINGTON,2022-12-29T02:00,,,,4.0,17.0,1.0
Plummer CDA Tribe,2022-12-29T03:00,,,,1.2,5.0,1.0
